role,Surname/Firstname,Contact,Unit
Başçının birinci müavini,Alıyev Məmməd Oruc oğlu,295-23-25,Rəhbərlik
Başçının müavini -Sosial-iqtisadi inkişafın təhlili və proqnozlaşdırılması şöbəsinin müdiri,,,Rəhbərlik
Başçının müavini-İctimai-siyasi və humanitar məsələlər şöbəsinin müdiri,Həsənova Gulaya Ziyad qızı,295-23-20,Rəhbərlik
Sektor müdiri-baş mühasib,Babayev Qurban Teymur oğlu,295-14-08,Rəhbərlik
Başçının köməkçisi,Comərdov Seymur Bahadur oğlu,295-31-55,Rəhbərlik
Böyük məsləhətçi-Yetkinlik yaşına çatmayanların işləri və hüquqlarının müdafiəsi üzrə komissiyanın məsul katibi,Qurbanova Elnarə Müşviq qızı,295-09-52,Rəhbərlik
Aparıcı məsləhətçi-Yetkinlik yaşına çatmayanların işləri və hüquqlarının müdafiəsi üzrə komissiyanın uşaqlarla iş üzrə məsləhətçi-psixoloqu,Cəfərova Kəmalə Ənvər qızı,295-09-52,Rəhbərlik
Baş mütəxəssis,İsgəndərova Fəridə Taryel qızı,295-06-52,Rəhbərlik
Sektor müdiri,Qurbanova Svetlana Qəməddin qızı,295-06-52,İnformasiya təminatı və təhlil sektoru
Aparıcı məsləhətçi,Yusifli Həsən Məmməd oğlu,295-23-35,İnformasiya təminatı və təhlil sektoru
Şöbə müdiri,Vəliyev Adil Seyfəddin oğlu,295-11-17,Ərazi idarəetmə və yerli özünüidarəetmə orqanları ilə iş şöbəsi
Baş məsləhətçi,Bayramov Qərib Fazil oğlu,295-56-41,Ərazi idarəetmə və yerli özünüidarəetmə orqanları ilə iş şöbəsi
Böyük məsləhətçi,,,Ərazi idarəetmə və yerli özünüidarəetmə orqanları ilə iş şöbəsi
Şöbə müdiri,Orucova Ülviyyə İsmayıl qızı,295-09-51,Hüquq şöbəsi
Məsləhətçi,Alıcanov Aqil Məzahir oğlu,295-14-03,Hüquq şöbəsi
Şöbə müdirinin müavini-dini qurumlarla işin təşkilatçısı,Rüstəmov Ceyhun Nadir oğlu,295-30-15,İctimai-siyasi və humanitar məsələlər şöbəsi
Baş məsləhətçi,Hüseynzadə Nərmin Mübariz qızı,295-12-35,İctimai-siyasi və humanitar məsələlər şöbəsi
Baş məsləhətçi,Orucov Sərdar Qənbər oğlu,295-30-15,İctimai-siyasi və humanitar məsələlər şöbəsi
Baş məsləhətçi,Quluyeva Gülnar Viktor qızı,295-12-35,İctimai-siyasi və humanitar məsələlər şöbəsi
Şöbə müdirinin müavini,Hümbətov Azad Hümbət oğlu,295-16-96,Sosial-iqtisadi inkişafın təhlili və proqnozlaşdırılması şöbəsi
Baş məsləhətçi,Mehdiyev Kamil Fazil oğlu,295-31-59,Sosial-iqtisadi inkişafın təhlili və proqnozlaşdırılması şöbəsi
Baş məsləhətçi,Həsənov Vüqar Ədalət oğlu,295-31-59,Sosial-iqtisadi inkişafın təhlili və proqnozlaşdırılması şöbəsi
Baş məsləhətçi,İbrahimov Bahadur Vaqif oğlu,295-31-59,Sosial-iqtisadi inkişafın təhlili və proqnozlaşdırılması şöbəsi
Aparıcı məsləhətçi,Axundov Süleyman Asif oğlu,295-31-59,Sosial-iqtisadi inkişafın təhlili və proqnozlaşdırılması şöbəsi
Şöbə müdiri,Çobanov Samir Natik oğlu,295-14-03,Vətən müharibəsi iştirakçıları və şəhid ailələri ilə işin təşkili şöbəsi
Böyük məsləhətçi,Xəlilli Məhəmməd Məhərrəm oğlu,295-14-03,Vətən müharibəsi iştirakçıları və şəhid ailələri ilə işin təşkili şöbəsi
Şöbə müdiri-baş memar,İsgəndərov Fərhad Xaliddin oğlu,295-13-93,Memarlıq və tikinti şöbəsi
Böyük məsləhətçi (mühəndis),Qurbanov Samir Nəriman oğlu,295-13-93,Memarlıq və tikinti şöbəsi
Aparıcı məsləhətçi (mühəndis),Orucova Çiçək Tofiq qızı,295-13-93,Memarlıq və tikinti şöbəsi
Şöbə müdiri,İsmayılov İlyaz Hümbət oğlu,295-06-50,Sənədlərlə və vətəndaşların müraciətləri ilə iş şöbəsi
Məsləhətçi (kadrlar üzrə işin aparıcısı),Namazova Ülviyyə Vidadi qızı,295-37-24,Sənədlərlə və vətəndaşların müraciətləri ilə iş şöbəsi
Məsləhətçi,Hüseynova Nüşabə Teymur qızı,295-30-15,Sənədlərlə və vətəndaşların müraciətləri ilə iş şöbəsi
Məsləhətçi,Şabanova Tahirə Elman qızı,295-23-35,Sənədlərlə və vətəndaşların müraciətləri ilə iş şöbəsi
Baş mütəxəssis-sürücü,Muradov Eldar Razim  oğlu,,Sənədlərlə və vətəndaşların müraciətləri ilə iş şöbəsi
Baş mütəxəssis-sürücü,Həkimov Mehman Məcid oğlu,,Sənədlərlə və vətəndaşların müraciətləri ilə iş şöbəsi
Baş mütəxəssis-sürücü,Eminov Kəmaləddin Mustafa oğlu,,Sənədlərlə və vətəndaşların müraciətləri ilə iş şöbəsi
Baş mütəxəssis-sürücü,Məmmədov Nizami  Səyyad oğlu,,Sənədlərlə və vətəndaşların müraciətləri ilə iş şöbəsi
Baş mütəxəssis-komendant,Xuduyev Sərxan Elxan oğlu,,Sənədlərlə və vətəndaşların müraciətləri ilə iş şöbəsi
