role,Surname/Firstname,qualification,Contact,Unit
Gədəbəy Rayon İcra Hakimiyyətinin başçısı,Mürsəlov Orxan Çingiz oğlu,Siyasi rəhbər,022-326-42-42,RƏHBƏRLİK
Başçının birinci müavini,Nağıyev Natiq Fərhad oğlu,I dərəcə dövlət qulluqçusu,022-326-01-62,RƏHBƏRLİK
Başçının müavini-Sosial-iqtisadi inkişafın təhlili və proqnozlaşdırılması şöbəsinin müdiri,Musayev Vüsal Kərim oğlu,Dövlət qulluğunun müşaviri,022-326-43-10,RƏHBƏRLİK
Başçının müavini- İçtimai-siyasi və humanitar məsələlər şöbəsinin müdiri,Allahverdiyeva Vəfa Valeh qızı,Dövlət qulluğunun müşaviri,022-326-01-94,RƏHBƏRLİK
Sektor müdiri-baş mühasib,Piriyev Nizami Aydın oğlu,II dərəcə dövlət qulluqçusu,022-326-34-45,RƏHBƏRLİK
Başçının köməkçisi,Alıyev Natiq Nüsrətoviç,III dərəcə dövlət qulluqçusu,022-326-42-42,RƏHBƏRLİK
Böyük məsləhətçi-Yetkinlik yaşına çatmayanların işləri və hüquqlarının müdafiəsi üzrə komissiyanın məsul katibi,Əhmədov Oruc Zahid oğlu,III dərəcə dövlət qulluqçusu,022-326-31-87,RƏHBƏRLİK
Aparıcı məsləhətçi-Yetkinlik yaşına çatmayanların işləri və hüquqlarının müdafiəsi üzrə komissiyanın uşaqlarla iş üzrə məsləhətçi-psixoloqu,Nəcəfov Qeyrət Səbuhi oğlu,kiçik dövlət qulluqçusu,022-326-31-87,RƏHBƏRLİK
Baş mütəxəssis,Əsgərov Mərdan Məhəmməd oğlu,Dövlət qulluğunun kiçik referenti,,RƏHBƏRLİK
Sektor müdiri,Muxtarov Qabil Məhəmməd oğlu,II dərəcə dövlət qulluqçusu,022-326-01-47,İnformasiya təminatı və təhlil sektoru
Aparıcı məsləhətçi,Əliyev Xəyal Asim oğlu,II dərəcə dövlət qulluqçusu,,İnformasiya təminatı və təhlil sektoru
Şöbə müdiri,Qılıcov Nizaməddin İmran oğlu,I dərəcə dövlət qulluqçusu,022-326-01-59,Ərazi idarəetmə və yerli özünüidarəetmə orqanları ilə iş şöbəsi
Baş məsləhətçi,vakant,,,Ərazi idarəetmə və yerli özünüidarəetmə orqanları ilə iş şöbəsi
Böyük məsləhətçi,Abdullayev Emin Mahir oğlu,kiçik dövlət qulluqçusu,022-326-01-59,Ərazi idarəetmə və yerli özünüidarəetmə orqanları ilə iş şöbəsi
Baş məsləhətçi,Ələsgərov Asif Ənvər oğlu,III dərəcə dövlət qulluqçusu,022-326-01-59,Ərazi idarəetmə və yerli özünüidarəetmə orqanları ilə iş şöbəsi
Şöbə müdiri,İsgəndərov Zülfüqar Firudin oğlu,I dərəcə dövlət qulluqçusu,022-326-01-26,Hüquq şöbəsi
Məsləhətçi,Məmmədov Nicat Mustafa oğlu,III dərəcə dövlət qulluqçusu,022-326-01-26,Hüquq şöbəsi
İctimai-siyasi və humanitar məsələlər şöbəsi müdirinin müavini-dini qurumlarla işin təşkilatçısı,Bağırov Qədir Müzəffər oğlu,I dərəcə dövlət qulluqçusu,022-326-31-87,İctimai - siyasi və humanitar məsələlər şöbəsi
Baş məsləhətçi,Tağıyev Elşən Şahməmməddin oğlu,,022-326-31-87,İctimai - siyasi və humanitar məsələlər şöbəsi
Baş məsləhətçi,Hüseynov Etibar Ənvər oğlu,III dərəcə dövlət qulluqçusu,022-326-31-87,İctimai - siyasi və humanitar məsələlər şöbəsi
Baş məsləhətçi,Zeynalova Mətanət İsmayıl qızı,II dərəcə dövlət qulluqçusu,022-326-31-87,İctimai - siyasi və humanitar məsələlər şöbəsi
Sosial iqtisadi inkişafın təhlili və proqnozlaşdırılması şöbəsi müdirinin müavini,Əliyev Nicad Tofiq oğlu,I dərəcə dövlət qulluqçusu,022-326-01-92,Sosial-iqtisadi inkişafın təhlili və proqnozlaşdırılması şöbəsi
Baş məsləhətçi,Əlizadə Ceyhun Tofiq oğlu,III dərəcə dövlət qulluqçusu,022-326-01-56,Sosial-iqtisadi inkişafın təhlili və proqnozlaşdırılması şöbəsi
Baş məsləhətçi,Xıdırov Cəlal Həmid oğlu,I dərəcə dövlət qulluqçusu,022-326-01-92,Sosial-iqtisadi inkişafın təhlili və proqnozlaşdırılması şöbəsi
Baş məsləhətçi,Musayev Qamət Zirəddin oğlu,II dərəcə dövlət qulluqçusu,022-326-01-56,Sosial-iqtisadi inkişafın təhlili və proqnozlaşdırılması şöbəsi
Aparıcı məsləhətçi,Kazımov Fərrux Şahin oğlu,,022-326-01-56,Sosial-iqtisadi inkişafın təhlili və proqnozlaşdırılması şöbəsi
Şöbə müdiri,Zeynalabdiyev Elçin Musa oğlu,II dərəcə dövlət qulluqçusu,,Vətən müharibəsi iştirakçıları və şəhid ailələri ilə işin təşkili şöbəsi
Böyük məsləhətçi,Hüseynov Təbriz Azər oğlu,II dərəcə dövlət qulluqçusu,,Vətən müharibəsi iştirakçıları və şəhid ailələri ilə işin təşkili şöbəsi
Şöbə müdiri,Bayramov Əlövsət Talıb oğlu,,022-326-01-93,Memarlıq və tikinti şöbəsi
Böyük məsləhətçi (mühəndis),Vakant,,,Memarlıq və tikinti şöbəsi
Aparıcı məsləhətçi(mühəndis),Kərimov Rəşid Məhəmməd oğlu,II dərəcə dövlət qulluqçusu,022-326-01-93,Memarlıq və tikinti şöbəsi
Şöbə müdiri,Vakant,,,Sənədlərlə və vətəndaşların müraciətləri ilə iş şöbəsi
Məsləhətçi,Hüseynova Cəmilə Tanırverdi qızı,II dərəcə dövlət qulluqçusu,022-326-45-10,Sənədlərlə və vətəndaşların müraciətləri ilə iş şöbəsi
Məsləhətçi (kadrlar üzrə işin aparıcısı),Rəhimli Xəyalə Sirac qızı,kiçik dövlət qulluqçusu,022-326-45-10,Sənədlərlə və vətəndaşların müraciətləri ilə iş şöbəsi
Məsləhətçi,Tağıyeva Şəfəq Vüqar qızı,kiçik dövlət qulluqçusu,022-326-45-10,Sənədlərlə və vətəndaşların müraciətləri ilə iş şöbəsi
Baş mütəxəssis- sürücü,Məmmədzdə Uday Yelmar oğlu,Dövlət qulluğunun kiçik referenti,,
Baş mütəxəssis- sürücü,Kazımov Məzahir Salman oğlu,Dövlət qulluğunun II dərəcə referenti,,
Baş mütəxəssis- sürücü,Hüseynov Habil Məmməd oğlu,Dövlət qulluğunun kiçik referenti,,
Baş mütəxəssis- sürücü,İslamzadə Etibar Zirəddin oğlu,Dövlət qulluğunun kiçik referenti,,
Baş mütəxəssis-komendant,Hüseynov Həsrət Şahbaz oğlu,Dövlət qulluğunun kiçik referenti,,
