Administrative territorial circleand the villages covered by it,representative for the administrative territorial district,contact
Gədəbəy şəhər İƏDGədəbəy şəhəri,Məhərrəmov Elduz İslam oğlu,050-632-86-78
Qoşabulaq kənd İƏDQoşabulaq kəndiRəmə kəndiTotuqulu kəndi,Məmmədrzayev Qalib Əkrəm oğlu,050-646-34-64
Pərizamanlıkənd İƏDPərizamanlı kəndi,vakant,
Samanlıq kənd İƏDSamanlıq kəndiTərs yer kəndi,Səfərov Rizvan Xudaverdi oğlu,050-582-92-21
Moruxlu kənd İƏDMoruxlu kəndi,Mustafayev Asim İslam oğlu,050-632-63-60
Nərimankənd kənd İƏDNərimankənd kəndi,Ələkbərov Zöhrab Cəlil oğlu,050-622-58-00
Çanaqçı kənd İƏDÇanaqçı kəndi,Məmmədov Şahlar Aslan oğlu,050-623-88-56
Slavyanka kəndİƏDSlavyanka kəndiMaarif kəndi,Ələkbərov Vidadi Qəmbər oğlu,051-658-24-33
Zəhmətkənd kənd İƏDZəhmətkənd kəndiQarabulaq kəndi,Mirzəyev Tahir Məhərrəm oğlu,051-775-90-69
Xarxar kənd İƏDXarxar kəndi,Abbasov Müşfiq Mirzalı oğlu,051-696-29-99
Ərtəpə kənd İƏDƏrtəpə kəndiPirbulaq kəndiSoyuqbulaq kəndi,Şirinov İlham Fərman oğlu,050-658-74-01
Söyüdlü kənd İƏDSöyüdlü kəndi,Allahverdiyev Nahid Qabil oğlu,050-345-39-93
Arıqdam kənd İƏDArıqdam kəndi,İsgəndərov Asif Cəmil oğlu,050-499-08-96
Qaradağ kənd İƏDQaradağ kəndiDaşbulaq kəndi,vakant,
Düzyurd kənd İƏDDüzyurd kəndiAytala kəndi,Kazımov Vahid İsrafil oğlu,051-318-09-90
Dəyəqarabulaq kənd İƏDDəyəqarabulaq kəndiGünəşli kəndiMusayal kəndi,Tağıyev Məhəd Mədəd oğlu,051-512-75-76
Miskinli kənd İƏDMiskinli kəndiQalakənd kəndi,Kərimov Gəray Məhəmməd oğlu,050-636-92-87
Plankənd kənd İƏDPlankənd kəndi,Qasımov Azər Səfər oğlu,050-341-00-50
Çalburun kənd İƏDÇalburun kəndi,Həsənli Həsən Rəfayıl oğlu,050-373-37-90
Çaldaş kənd İƏDÇaldaş kəndiSəbətkeçməz kəndi,Qocayev Eldar Oqtay,050-481-76-93
Əlinağılar kənd İƏDƏlinağılar kəndiArısu kəndi,Murğuzov Yusif Qabil oğlu,050-344-48-71
Gərgər kənd İƏDGərgər kəndiQarıkənd kəndiYenikənd kəndi,Məmmədov Nüsrət Hadı oğlu,050-392-43-40
Dəyirmandağ kənd İƏDDəyirmandağ kəndiHaçıələkbərli kəndiKöhnəkənd kəndiQurudərə kəndiSarıköynək kəndi,Məmmədov Nəsib Məcid oğlu,050-486-47-20
Şəkərbəy kənd İƏDŞəkərbəy kəndiHeydərli kəndi,Cavadov Nazim İkram oğlu,051-348-27-26
Əmiraslanlı kənd İƏDƏmiraslanlı kəndiÇaykənd kəndiYaqublu kəndiGödəkdərə kəndiSarıhəsənli kəndi,Həsənov Rauf Arif oğlu,051-641-31-44
Kiçik Qaramurad kənd İƏDKiçik Qaramurad kəndiLeşkər kəndi,Məmmədov Xıdır İdris oğlu,050-746-26-74
Parakənd kənd İƏDParakənd kəndiQaravultomba kəndi,Məsimov Şakir Rəhim oğlu,050-355-49-07
Alnabat kənd İƏDAlnabat kəndi,Əliyev Müşfiq Məzahir oğlu,050-402-94-50
Daryurd kənd İƏDDaryurd kəndiCəfərli kəndiNağılar kəndi,Mahmudov Rəşad Fazil oğlu,050-266-99-73
Arıqıran kənd İƏDArıqıran kəndiƏyrivəng kəndi,vakant,
İnəkboğan kənd İƏDİnəkboğan kəndiKərimli kəndiKöhnəqışlaq kəndiQasımlı kəndi,Kazımov Şahin İlyas oğlu,050-622-58-69
Böyük Qaramurad kənd İƏDBöyük Qaramurad kəndiAtaxal kəndiGülallı kəndiToplar kəndi,Zeynalov Ləzgi Qulu oğlu,050-676-23-01
Poladlı kənd İƏDPoladlı kəndiEmir kəndiHacıalılar kəndiHeriknaz kəndiKəlaman kəndiQozqaralı kəndi,Quliyev Qabil Əsəd oğlu,050-645-27-26
Qaraməmmədli kənd İƏDQaraməmmədli kəndiDikdaş kəndiKəsəmən kəndi,Bayramov Şahbaz Saleh oğlu,050-330-55-84
Novosaratovka kənd İƏDNovosaratovka kəndi,Məmmədov Elvin Natiq oğlu,050-275-65-99
Novoivanovka kənd İƏDNovoivanovka kəndi,Tağıyev Bahəddin Fəxrəddin oğlu,050-426-26-05
Çobankənd kənd İƏDÇobankənd kəndiQızılqaya kəndi,Bağırov Nizaməddin Valeh oğlu,050-363-11-02
Şahdağ kənd İƏDŞahdağ kəndiÇiçəkli kəndi,Qasımov Habil Şahniyar oğlu,050-341-28-85
İsalı kənd İƏDIsalı kəndiCücənli kəndiDördlər kəndiQasımağalı kəndiMutudərə kəndi,Rzayev Məzahir Bəkir oğlu,050-361-49-45
Arabaçı kənd İƏDArabaçı kəndiFərzalı kəndi,Vəliyev Vaqif Fərhad oğlu,050-332-96-22
Mormor kənd İƏDMormor kəndiZamanlı kəndi,Şirinov Şakir Həsən oğlu,051-779-60-52
Düz Rəsullu kənd İƏDDüz Rəsullu kəndiGərməşöylü kəndiGöyəmli kəndiHüseyinqulular kəndiRəhimli kəndiTəkyemişan kəndi,Zeynalov Xalid Nizami oğlu,050-560-83-55
Çay Rəsullu kənd İƏDÇay Rəsullu kəndiBəydəmirli kəndiTurşsu kəndi,Quliyev Ceyhun Vəli oğlu,051-475-83-32
Göyəlli kənd İƏDGöyəlli kəndi,Qənbərov Müzahir Hidayət oğlu,050-379-57-89
Şınıx kənd İƏDŞınıx kəndiKollu kəndi,Rüstəmov İmran İsmayıl oğlu,050-362-03-54
Hacılar kənd İƏDHacılar kəndiSonalar kəndiƏyridərə kəndi,Məmmədov Almaz Səməd oğlu,050-577-67-80
Qaravəlilər kənd İƏDQaravəlilər kəndiMəmmədcəfərli kəndi,Əliyev Kamran Əli oğlu,050-340-67-64
