role,Surname/Firstname,Contact 1,Contact 2,Unit
Nümayəndə,Vəliyev Akif Sozalı oğlu,295-24-37,(055) 457-71-93, Qazax  RİH başçısının Qazax şəhər  inzibati ərazi dairəsi üzrə nümayəndəliyi
Müavin,Omarlı Sadiq Fariz oğlu,295-27-02,(055) 747-05 07, Qazax  RİH başçısının Qazax şəhər  inzibati ərazi dairəsi üzrə nümayəndəliyi
Baş məsləhətçi-baş mühasib,Xasməmmədov Raqif Sahid oğlu,295-16-02,(050) 504-09-26, Qazax  RİH başçısının Qazax şəhər  inzibati ərazi dairəsi üzrə nümayəndəliyi
Nümayəndə,Əmiraslanov Vadim Zahid oğlu,295-40-15,(050) 418-68-89,azax  RİH başçısının Ağköynək   kənd inzibati ərazi dairəsi üzrə nümayəndəliyi
Müavin,Abdullayev Vüqar Novruz oğlu,295-40-15,(055) 695-33-95,azax  RİH başçısının Ağköynək   kənd inzibati ərazi dairəsi üzrə nümayəndəliyi
Baş məsləhətçi-baş mühasib,Məmmədli Kənan Natiq oğlu,295-40-15,(055) 295-04-42,azax  RİH başçısının Ağköynək   kənd inzibati ərazi dairəsi üzrə nümayəndəliyi
Nümayəndə,Alıyev Murğuz Qələndər oğlu,29- 25-8-09,(051) 501-60-02,azax  RİH başçısının Alpout   kənd inzibati ərazi dairəsi üzrə nümayəndəliyi
Müavin,Qurbanov Emil Ayət oğlu,29- 25-8-09,(055) 586-11-86,azax  RİH başçısının Alpout   kənd inzibati ərazi dairəsi üzrə nümayəndəliyi
Baş məsləhətçi-baş mühasib,İsmayılov Kamran Mikayıl oğlu,29- 25-8-09,(050) 343-44-42,azax  RİH başçısının Alpout   kənd inzibati ərazi dairəsi üzrə nümayəndəliyi
Nümayəndə,Pirməmmədov Məhəmməd Xəlid oğlu,29-23-5-09,(070) 731-15-45,azax  RİH başçısının Aslanbəyli   kənd inzibati ərazi dairəsi üzrə nümayəndəliyi
Müavin,İsmayılova Vəfa Rəsul qızı,29-23-5-09,(070) 287-57-55,azax  RİH başçısının Aslanbəyli   kənd inzibati ərazi dairəsi üzrə nümayəndəliyi
Baş məsləhətçi-baş mühasib,Dursunov Ramil Adıgözəl oğlu,29-23-5-09,(055) 560-74-14,azax  RİH başçısının Aslanbəyli   kənd inzibati ərazi dairəsi üzrə nümayəndəliyi
Nümayəndə,Əfəndiyev Yaşar Oqtay oğlu,29-33-9-01,(055) 225-68-54,azax  RİH başçısının Aşağı Salahlı kənd inzibati ərazi dairəsi üzrə nümayəndəliyi
Müavin,Musayev Kəmaləddin Keçəl oğlu,29-33-7-98,(055) 566-22-63,azax  RİH başçısının Aşağı Salahlı kənd inzibati ərazi dairəsi üzrə nümayəndəliyi
Baş məsləhətçi-baş mühasib,Sadıqov Mustafa İbrahim oğlu,29- 33-7-98,(055) 364-35-80,azax  RİH başçısının Aşağı Salahlı kənd inzibati ərazi dairəsi üzrə nümayəndəliyi
Nümayəndə,Vəliyev Anar Hümbət oğlu,295-02-69,(077) 991-59-47, Qazax  RİH başçısının Aşağı Əskipara kənd inzibati ərazi dairəsi üzrə nümayəndəliyi
Müavin,İsayev Fərid İlqar oğlu,295-02-69,, Qazax  RİH başçısının Aşağı Əskipara kənd inzibati ərazi dairəsi üzrə nümayəndəliyi
Baş məsləhətçi-baş mühasib,Almədədova Pəri Hamlet qızı,295-02-69,(055) 645-23-59, Qazax  RİH başçısının Aşağı Əskipara kənd inzibati ərazi dairəsi üzrə nümayəndəliyi
Nümayəndə,Hacıyev Yasin Tapdıx oğlu,295-02-69,(070) 747-74-22, Qazax  RİH başçısının Barxudarlı  kənd inzibati ərazi dairəsi üzrə nümayəndəliyi
Müavin,Mirzəyeva Almaz Arif qızı,295-02-69,(051) 350-40-45, Qazax  RİH başçısının Barxudarlı  kənd inzibati ərazi dairəsi üzrə nümayəndəliyi
Baş məsləhətçi-baş mühasib,,,, Qazax  RİH başçısının Barxudarlı  kənd inzibati ərazi dairəsi üzrə nümayəndəliyi
Nümayəndə,Kazımov İlqar İsmayıl oğlu,29-26-5-01,(050) 687-80-81, Qazax  RİH başçısının Birinci Şıxlı kənd inzibati ərazi dairəsi üzrə nümayəndəliyi
Müavin,Adıgözəlov Çərkəz Xaliddin oğlu,29-26-5-01,(051) 893-57-73, Qazax  RİH başçısının Birinci Şıxlı kənd inzibati ərazi dairəsi üzrə nümayəndəliyi
Baş məsləhətçi-baş mühasib,Məmmədov Nəriman Mustafa oğlu,29-26-5-01,(055) 774-68-57, Qazax  RİH başçısının Birinci Şıxlı kənd inzibati ərazi dairəsi üzrə nümayəndəliyi
Nümayəndə,Allahverdiyev Nizami Qəzənfər oğlu,29-34-3-43,(050) 328-95-81,azax  RİH başçısının Cəfərli  kənd inzibati ərazi dairəsi üzrə nümayəndəliyi
Müavin,Əliyev Afiq Mayis oğlu,29-34-3-43,(055) 972-84-87,azax  RİH başçısının Cəfərli  kənd inzibati ərazi dairəsi üzrə nümayəndəliyi
Baş məsləhətçi-baş mühasib,Mustafayeva Əfsanə Elman qızı,29-34-3-43,-,azax  RİH başçısının Cəfərli  kənd inzibati ərazi dairəsi üzrə nümayəndəliyi
Nümayəndə,Binnətov Ceyhun Rəşid oğlu,29-30-2-31,(055) 494-05-80,Qazax  RİH başçısının Çaylı  kənd inzibati ərazi dairəsi üzrə nümayəndəliyi
Müavin,Musayev Mehrəli Ramiz oğlu,29-30-2-31,(050) 611-87-24,Qazax  RİH başçısının Çaylı  kənd inzibati ərazi dairəsi üzrə nümayəndəliyi
Baş məsləhətçi-baş mühasib,Bənnayev Nizami Yolçu oğlu,29-30-2-31,(055) 296-22-90,Qazax  RİH başçısının Çaylı  kənd inzibati ərazi dairəsi üzrə nümayəndəliyi
Nümayəndə,Əliyev Səbuhi Nemət oğlu,29-28-1-22,(055) 225 67 36,Qazax  RİH başçısının  Daş Salahlı   kənd inzibati ərazi dairəsi üzrə nümayəndəliyi
Müavin,Quliyev Samir Mahir oğlu,29-28-1-63,(055) 585-48-65,Qazax  RİH başçısının  Daş Salahlı   kənd inzibati ərazi dairəsi üzrə nümayəndəliyi
Baş məsləhətçi-baş mühasib,Nəbiyeva Yetər Namaz qızı,29-28-1-63,(050) 620-22-82,Qazax  RİH başçısının  Daş Salahlı   kənd inzibati ərazi dairəsi üzrə nümayəndəliyi
Nümayəndə,Mahmudova Gülnaz Fərhad qızı,29-25-1-44,(055) 254-93-16,Qazax  RİH başçısının  Dəmirçilər   kənd inzibati ərazi dairəsi üzrə nümayəndəliyi
Müavin,Səmədov Fariz Cəbrail oğlu,29-25-1-44,(055) 599-26-61,Qazax  RİH başçısının  Dəmirçilər   kənd inzibati ərazi dairəsi üzrə nümayəndəliyi
Baş məsləhətçi-baş mühasib,Pirməmmədova Avıgül Rəhim qızı,29-25-1-44,(055) 408-01-69,Qazax  RİH başçısının  Dəmirçilər   kənd inzibati ərazi dairəsi üzrə nümayəndəliyi
Nümayəndə,Vəliyev Nəsimi Vəli oğlu,29-25-5-63,(050) 347-32-57,Qazax  RİH başçısının  Fərəhli   kənd inzibati ərazi dairəsi üzrə nümayəndəliyi
Müavin,Daşdəmirov Eltun Kərim oğlu,29-25-5-63,(055) 725-89-10,Qazax  RİH başçısının  Fərəhli   kənd inzibati ərazi dairəsi üzrə nümayəndəliyi
Baş məsləhətçi-baş mühasib,Süleymanova Larisə Tahir qızı,29-25-5-63,(055) 703-42-10,Qazax  RİH başçısının  Fərəhli   kənd inzibati ərazi dairəsi üzrə nümayəndəliyi
Nümayəndə,Nuriyev Adil Şamil oğlu,295-55-05,(055) 281-31-38,Qazax  RİH başçısının  Hüseynbəyli   kənd inzibati ərazi dairəsi üzrə nümayəndəliyi
Müavin,Əliyev Aqil Möhsüm oğlu,295-55-05,(055) 889-66-64,Qazax  RİH başçısının  Hüseynbəyli   kənd inzibati ərazi dairəsi üzrə nümayəndəliyi
Baş məsləhətçi-baş mühasib,Alcanov Nadir Fariz oğlu,295-55-05,(055) 774-73-89,Qazax  RİH başçısının  Hüseynbəyli   kənd inzibati ərazi dairəsi üzrə nümayəndəliyi
Nümayəndə,Çobanov Ayət Saqif oğlu,29-39-2-62,(070) 327-63-79,Qazax  RİH başçısının  Xanlıqlar   kənd inzibati ərazi dairəsi üzrə nümayəndəliyi
Müavin,Məmmədov Ərəstun Vəlyəddin oğlu,29-39-2-62,(055) 655-22-13,Qazax  RİH başçısının  Xanlıqlar   kənd inzibati ərazi dairəsi üzrə nümayəndəliyi
Baş məsləhətçi-baş mühasib,İsmayılova Türkan Səadət qızı,29-39-2-62,(055) 517-35-33,Qazax  RİH başçısının  Xanlıqlar   kənd inzibati ərazi dairəsi üzrə nümayəndəliyi
Nümayəndə,,,,Qazax  RİH başçısının  İkinci Şıxlı kənd inzibati ərazi dairəsi üzrə nümayəndəliyi
Müavin,Omarov Nihad Vaqif oğlu,29-22-1-49,(055) 984-79-36,Qazax  RİH başçısının  İkinci Şıxlı kənd inzibati ərazi dairəsi üzrə nümayəndəliyi
Baş məsləhətçi-baş mühasib,Eyyubov Pərvin Vidadi oğlu,29-22-1-49,(055) 490-93-35,Qazax  RİH başçısının  İkinci Şıxlı kənd inzibati ərazi dairəsi üzrə nümayəndəliyi
Nümayəndə,Orucov Səməd  İbrahim oğlu,29-21-5-53,(050) 329-29-17,Qazax  RİH başçısının  Kəmərli  kənd inzibati ərazi dairəsi üzrə nümayəndəliyi
Müavin,İsaqov Dursun Sədəddin oğlu,29-21-5-53,(055) 641-91-18,Qazax  RİH başçısının  Kəmərli  kənd inzibati ərazi dairəsi üzrə nümayəndəliyi
Baş məsləhətçi-baş mühasib,İsgəndərova Sevinc Qurban qızı,29-21-5-53,-,Qazax  RİH başçısının  Kəmərli  kənd inzibati ərazi dairəsi üzrə nümayəndəliyi
Nümayəndə,Əmirov Baxtiyar Səhlədar oğlu,29-35-2-33,(050) 682-40-31,Qazax  RİH başçısının  Kosalar  kənd inzibati ərazi dairəsi üzrə nümayəndəliyi
Müavin,Məmmədzadə Adil Elşad oğlu,29-35-2-33,(055) 708-63-26,Qazax  RİH başçısının  Kosalar  kənd inzibati ərazi dairəsi üzrə nümayəndəliyi
Baş məsləhətçi-baş mühasib,Mehtixanlı Qədir Şahbaz oğlu,29-35-2-33,(055) 678 48 59,Qazax  RİH başçısının  Kosalar  kənd inzibati ərazi dairəsi üzrə nümayəndəliyi
Nümayəndə,Əfəndiyev Fikrət İmralı oğlu,29-27-3-22,(050) 385-60-06,Qazax  RİH başçısının  Qaymaqlı kənd inzibati ərazi dairəsi üzrə nümayəndəliyi
Müavin,Kərimov Mövlan Mikayıl oğlu,29-27-3-22,(050) 625-74-97,Qazax  RİH başçısının  Qaymaqlı kənd inzibati ərazi dairəsi üzrə nümayəndəliyi
Baş məsləhətçi-baş mühasib,Mustafayev Elşad Şadət,29-27-3-22,(077) 733-80-50,Qazax  RİH başçısının  Qaymaqlı kənd inzibati ərazi dairəsi üzrə nümayəndəliyi
Nümayəndə,Novruzov Müşfiq Vəzir oğlu,29-33-2-60,(070) 979-12-80,Qazax  RİH başçısının  Orta Salahlı kənd inzibati ərazi dairəsi üzrə nümayəndəliyi
Müavin,Nəsibov Ramin Alı oğlu,29-33-2-60,(070) 635-85-97,Qazax  RİH başçısının  Orta Salahlı kənd inzibati ərazi dairəsi üzrə nümayəndəliyi
Baş məsləhətçi-baş mühasib,Əliyev Tərxan Ərəstun oğlu,29-33-2-60,,Qazax  RİH başçısının  Orta Salahlı kənd inzibati ərazi dairəsi üzrə nümayəndəliyi
Nümayəndə,Şəmşiyev Nəsib Məmməd oğlu,29-37-2-48,(055) 607-93-51,Qazax  RİH başçısının  Yuxarı Salahlı kənd inzibati ərazi dairəsi üzrə nümayəndəliyi
Müavin,Alıyeva Səadət Abdulla qızı,29-37-2-48,-,Qazax  RİH başçısının  Yuxarı Salahlı kənd inzibati ərazi dairəsi üzrə nümayəndəliyi
Baş məsləhətçi-baş mühasib,Bayramov Anar Etibar oğlu,29-37-2-48,(050) 552-35-55,Qazax  RİH başçısının  Yuxarı Salahlı kənd inzibati ərazi dairəsi üzrə nümayəndəliyi
Nümayəndə,Alıyev Alim Tapdıq oğlu,29-83-3-02,(055) 923-21-65,Qazax  RİH başçısının  Quşçu Ayrım kənd inzibati ərazi dairəsi üzrə nümayəndəliyi
Müavin,Məmmədov Hafiz Qədim oğlu,29-83-3-02,(055) 585-40-22,Qazax  RİH başçısının  Quşçu Ayrım kənd inzibati ərazi dairəsi üzrə nümayəndəliyi
Baş məsləhətçi-baş mühasib,Mehdiyev İlkin Zaur oğlu,29-83-3-02,(070) 598-76-73,Qazax  RİH başçısının  Quşçu Ayrım kənd inzibati ərazi dairəsi üzrə nümayəndəliyi
Nümayəndə,Məhərrəmov Azər Puşkin oğlu,29-5-02-69,(055) 564-71-16,Qazax  RİH başçısının  Yuxarı Əskipara kənd inzibati ərazi dairəsi üzrə nümayəndəliyi
Müavin,Əliyeva Tükəzban Fazil qızı,29-5-02-69,,Qazax  RİH başçısının  Yuxarı Əskipara kənd inzibati ərazi dairəsi üzrə nümayəndəliyi
Baş məsləhətçi-baş mühasib,Məmmədhəsənov Rüfət Nüsrəddin oğlu,29-5-02-69,(055) 768-54-07,Qazax  RİH başçısının  Yuxarı Əskipara kənd inzibati ərazi dairəsi üzrə nümayəndəliyi
