territorial cycle/municipalities,Surname/Firstname,contact
Ağstafa şəhər,Nəsibov Yusif İsmayıl oğlu,050-369-26-06
Dağ Kəsəmən kənd,Qiyasbəyov İbrahim Tofiq oğlu,055-226-52-06
Vurğun qəsəbə,Həsənov Zaur Ələkbər oğlu,055-774-83-89
Həsənsu kənd,Bayramov Rəşad Ələsgər oğlu,050-454-59-99
Göycəli kənd,Əhmədov Yasin Cahangir oğlu,050-568-01-95
Tatlı kənd,Hüseynov Qoşqar Hüseyn oğlu,050-363-25-97
Köhnəqışlaq kənd,Həsənov Tural Təyyar oğlu,055-932-74-19
Eynallı kənd,Məmmədov Əli Novruz oğlu,070-671-98-28
Köçəsgər kənd,Hacıyev Şükran Famil oğlu,051-896-00-36
Qırılı kənd,Əmrahov Ramiz Abdulla oğlu,050-391-95-01
Aşağı Göycəli kənd,Mahmudov Mirkamil Mirəhməd oğlu,055-555-50-58
Xətai kənd,Hüseynov Musa Rəşid oğlu,050-368-51-31
Aşağı Kəsəmən kənd,Qasımov Vüqar Vaqif oğlu,050-207-16-17
Zəlimxan kənd,İskəndərov Sakit Nurəddin oğlu,055-965-88-35
Poylu kənd,Aslanov Elçin Qurban oğlu,099-501-51-51
Poylu qəsəbə,Abdullayev Məhərrəm Əsəd oğlu,070-601-73-95
Qıraq Kəsəmən kənd,Yaqubəliyev Nürəddin Ələddin oğlu,051-713-27-27
Qarahəsənli kənd,İsgəndərov Hafiz Məhəmməd oğlu,050-265-88-52
Xılxına kənd,Seyidov Bəkir Nadir oğlu,055-593-44-00
Düzqışlaq kənd,Tağıyev Həsən Qəfər oğlu,055-740-96-31
Pirili kənd,Məmmədov Məmməd Rasim oğlu,055-850-27-26
Kolxəlfəli kənd,Səttarov Nadir Sakif oğlu,055-526-55-00
Saloğlu qəsəbə,İsmayılov Cavad Tofiq oğlu,050-265-88-45
Köçvəlili kənd,Osmanov Naqif Mustafa oğlu,050-519-27-11
Qarayazı qəsəbə,Məmmədov Pərviz Şükür oğlu,055-889-48-61
Muğanlı kənd,Musayev Novruz Arif oğlu,051-628-84-51
Sadıqlı kənd,Quliyev Elşən Sədrəddin oğlu,050-517-20-10
Böyük Kəsik kənd,Mikayılov Nadir Ənvər oğlu,050-782-75-99
Ağgöl kənd,Mansurov Əhməd Kəmaləddin oğlu,050-628-05-25
Ağstafa,Hacıyev Nəsib Muxtar oğlu,050-349-25-85
Dağ Kəsəmən,Bayramov Ariz İlyas oğlu,055-479-04-26
Vurğun,Alıyev Adil Alı oğlu,050-325-94-64
Həsənsu,İsgəndərli Nizami Ələkbər oğlu,051-737-82-20
Göycəli,Hüseynov Arif Fərman oğlu,070-385-67-64
Tatlı,Hüseynov Xəyyam Əyyam oğlu,050-632-22-47
Köhnəqışlaq,Həsənov Mayıl Həsən oğlu,055-876-65-26
Eynallı,,
Köçəsgər,Namazov Asim Akif oğlu,050-775-15-85
Qırılı,Əzimov Şahlar Nazim oğlu,055-369-81-17
Aşağı Göycəli,Ələkbərov Müşfiq Əhməd oğlu,050-357-89-03
Xətai,Aşırlı Kamil Cəbrayıl oğlu,055-213-01-53
Aşağı Kəsəmən,Namazov Şirin Məmməd oğlu,050-626-08-71
Zəlimxan,,
Poylu,Məmmədov Alı Binnət oğlu,050-265-88-72
Poylu qəsəbə,Mehdiyev Azad Muxtar oğlu,050-671-05-37
Qıraq Kəsəmən,,
Qarahəsənli,Qarayev Şövqi Bayraməli oğlu,070-231-69-06
Xılxına,Novruzov Səlim Qafar oğlu,050-265-88-36
Düzqışlaq,Mustafayev Ceyhun Müzəffər  oğlu,055-443-13-93
Pirili,Məmmədov Yaqub Vaqif oğlu,055-982-72-83
Kolxəlfəli,,
Saloğlu,İbrahimov Azər Məmməd oğlu,055-321-33-28
Köçvəlili,Əmiraslanov Ələkbər Məhəmməd oğlu,051-648-66-60
Qarayazı,Həsənov Məhəmməd Xəlil oğlu,050-508-10-43
Muğanlı,Bayramova Minayə Osman qızı,051-611-64-83
Sadıqlı,İsgəndərov Nizami Nadir oğlu,050-368-95-17
Böyük Kəsik,Yusifov Nazim Yusif oğlu,050-735-27-16
Ağgöl,Musayeva Aynurə Yusif qızı,050-628-05-25
