role,Surname/Firstname,Contact,Unit
Ağstafa rayon İcra hakimiyyətinin başçısı,Orucov Seymur Vaqif oğlu,022-225-12-95,RƏHBƏRLİK
Başçının birinci müavini,Hüseynov Müşfiq Məmmədqulu oğlu,022-225-36-56,RƏHBƏRLİK
Başçının müavini – Sosial –iqtisadi inkişafın təhlili və proqnozlaşdırılması şöbəsinin müdiri.,Hacıyev İlqarTofiq oğlu,022-225-26-09,RƏHBƏRLİK
Başçının müavini – İctimai-siyasi və humanitar məsələlər şöbəsinin müdiri,Eyyubova Lalə Sücayət qızı,022-225-14-85,RƏHBƏRLİK
Sektor müdiri – baş mühasib,Dəmirçiyev Elmin Musa oğlu,022-225-32-41,RƏHBƏRLİK
Başçının köməkçisi,Ramazanov Elşad Nazir oğlu,022-225-12-95,RƏHBƏRLİK
Böyük məsləhətçi-Yetkinlik yaşına çatmayanların işləri və hüquqlarının müdafiəsi üzrə komissiyanın məsul katibi,Nəsibov Zakir Sakit oğlu,022-225-15-66,RƏHBƏRLİK
Aparıcı məsləhətçi-Yetkinlik yaşına çatmayanların işləri və hüquqlarının müdafiəsi üzrə komissiyanın uşaqlarla iş üzrə məsləhətçi-psixoloqu,İsmayılov Elgün Zaur oğlu,022-225-33-13,RƏHBƏRLİK
Baş mütəxəssis,Nəsibov Cəlal Məhəmməd oğlu,022-225-29-73,RƏHBƏRLİK
Sektor müdiri,Mehdiyev Naqif Vaqif oğlu,022-225-32-86,İnformasiya təminatı və təhlil sektoru
Aparıcı məsləhətçi,Hacıyev Ramil Nəsib oğlu,022-225-32-86,İnformasiya təminatı və təhlil sektoru
Şöbə müdiri,Qurbanov Şahhüseyn İmamqulu oğlu,022-225-15-29,Ərazi idarəetmə və yerli özünüidarəetmə orqanları ilə iş şöbəsi
Baş məsləhətçi,Bayramov Elşad Faiq oğlu,022-225-14-80,Ərazi idarəetmə və yerli özünüidarəetmə orqanları ilə iş şöbəsi
Böyük məsləhətçi,Pirquliyev Elvin Namiq oğlu,022-225-14-80,Ərazi idarəetmə və yerli özünüidarəetmə orqanları ilə iş şöbəsi
Şöbə müdiri,Hadıyev Qaib Həsən oğlu,022-225-32-98,Hüquq şöbəsi
Məsləhətçi,Qocayeva Şəfaqət Mahmud qızı,022-225-14-70,Hüquq şöbəsi
Müdir müavini – dini qurumlarla işin təşkilatçısı,Məmmədov İsa Mahmud oğlu,022-225-15-02,İctimai-siyasi və humanitar məsələlər şöbəsi
Baş məsləhətçi,Həsənov Hamil Mirzə oğlu,022-225-29-73,İctimai-siyasi və humanitar məsələlər şöbəsi
Baş məsləhətçi,Zeynalova Leyla Zaur qızı,022-225-15-66,İctimai-siyasi və humanitar məsələlər şöbəsi
Baş məsləhətçi,Babayev Zaur Məhəmməd oğlu,022-225-26-31,İctimai-siyasi və humanitar məsələlər şöbəsi
Şöbə müdirinin müavini,Məmmədov Ziya Məmməd oğlu,022-225-19.03,Sosial-iqtisadi inkişafın təhlili və proqnozlaşdırılması şöbəsi
Baş məsləhətçi,Yaqubov Valeh Qoşqar oğlu,022-225-26-30,Sosial-iqtisadi inkişafın təhlili və proqnozlaşdırılması şöbəsi
Baş məsləhətçi,Mustafayev Rizvan Həsən oğlu,022-225-29-83,Sosial-iqtisadi inkişafın təhlili və proqnozlaşdırılması şöbəsi
Baş məsləhətçi,Hacıyev Nəsimi Nəriman oğlu,022-225-29-83,Sosial-iqtisadi inkişafın təhlili və proqnozlaşdırılması şöbəsi
Aparıcı məsləhətçi,Mahmudov Mirfərid Mirəsgər oğlu,022-225-29-83,Sosial-iqtisadi inkişafın təhlili və proqnozlaşdırılması şöbəsi
Şöbə müdiri,Qədiməliyev Ariz Raquf oğlu,022-225-38-06,Vətən müharibəsi iştirakçıları və şəhid ailələri ilə işin təşkili şöbəsi
Böyük məsləhətçi,Həsənov Vüqar Əvəz oğlu,022-225-38-06,Vətən müharibəsi iştirakçıları və şəhid ailələri ilə işin təşkili şöbəsi
Şöbə müdiri-baş memar,Mustafayev Sənan Abış oğlu,022-225-12-05,Memarlıq və tikinti şöbəsi
Böyük məsləhətçi (mühəndis),Mirzai Məzahir İsrafil oğlu,022-225-16-77,Memarlıq və tikinti şöbəsi
Aparıcı məsləhətçi (mühəndis),Abbasov Nurəddin Bəhram oğlu,022-225-16-77,Memarlıq və tikinti şöbəsi
Şöbə müdiri,Budaqova Sənəm Nəsib qızı,022-225-15-56,Sənədlərlə və vətəndaşların müraciətləri ilə iş şöbəsi
Məsləhətçi (kadrlar üzrə işin aparıcısı),Əkbərzadə Şükür Vaqif oğlu,022-225-31-26,Sənədlərlə və vətəndaşların müraciətləri ilə iş şöbəsi
Məsləhətçi,Əmiralıyeva Qaratel Arif qızı,022-225-33-13,Sənədlərlə və vətəndaşların müraciətləri ilə iş şöbəsi
Məsləhətçi,,,Sənədlərlə və vətəndaşların müraciətləri ilə iş şöbəsi
Baş mütəxəssis - Komendant,Bilallı Musa Kamil oğlu,,
