Component,Component URL,ISIN,Trading Location,Issuer Country
AB INBEV,https://live.euronext.com/en/product/equities/BE0974293251-XBRU,BE0974293251,Euronext Brussels,Belgium
ACCOR,https://live.euronext.com/en/product/equities/FR0000120404-XPAR,FR0000120404,Euronext Paris,France
AIB GROUP PLC,https://live.euronext.com/en/product/equities/IE00BF0L3536-XMSM,IE00BF0L3536,Euronext Dublin,Ireland
AIR LIQUIDE,https://live.euronext.com/en/product/equities/FR0000120073-XPAR,FR0000120073,Euronext Paris,France
ALSTOM,https://live.euronext.com/en/product/equities/FR0010220475-XPAR,FR0010220475,Euronext Paris,France
ALTEN,https://live.euronext.com/en/product/equities/FR0000071946-XPAR,FR0000071946,Euronext Paris,France
AMUNDI,https://live.euronext.com/en/product/equities/FR0004125920-XPAR,FR0004125920,Euronext Paris,France
ASM INTERNATIONAL,https://live.euronext.com/en/product/equities/NL0000334118-XAMS,NL0000334118,Euronext Amsterdam,Netherlands
ASML HOLDING,https://live.euronext.com/en/product/equities/NL0010273215-XAMS,NL0010273215,Euronext Amsterdam,Netherlands
AXA,https://live.euronext.com/en/product/equities/FR0000120628-XPAR,FR0000120628,Euronext Paris,France
BANK OF IRELAND GP,https://live.euronext.com/en/product/equities/IE00BD1RP616-XMSM,IE00BD1RP616,Euronext Dublin,Ireland
BNP PARIBAS ACT.A,https://live.euronext.com/en/product/equities/FR0000131104-XPAR,FR0000131104,Euronext Paris,France
BUREAU VERITAS,https://live.euronext.com/en/product/equities/FR0006174348-XPAR,FR0006174348,Euronext Paris,France
CAPGEMINI,https://live.euronext.com/en/product/equities/FR0000125338-XPAR,FR0000125338,Euronext Paris,France
CARREFOUR,https://live.euronext.com/en/product/equities/FR0000120172-XPAR,FR0000120172,Euronext Paris,France
CNH INDUSTRIAL,https://live.euronext.com/en/product/equities/NL0010545661-MTAA,NL0010545661,Euronext Milan,Netherlands
COVIVIO,https://live.euronext.com/en/product/equities/FR0000064578-XPAR,FR0000064578,Euronext Paris,France
DANONE,https://live.euronext.com/en/product/equities/FR0000120644-XPAR,FR0000120644,Euronext Paris,France
DNB BANK,https://live.euronext.com/en/product/equities/NO0010161896-XOSL,NO0010161896,Oslo Boers,Norway
DSM FIRMENICH AG,https://live.euronext.com/en/product/equities/CH1216478797-XAMS,CH1216478797,Euronext Amsterdam,Switzerland
EDENRED,https://live.euronext.com/en/product/equities/FR0010908533-XPAR,FR0010908533,Euronext Paris,France
EDP,https://live.euronext.com/en/product/equities/PTEDP0AM0009-XLIS,PTEDP0AM0009,Euronext Lisbon,Portugal
EDP RENOVAVEIS,https://live.euronext.com/en/product/equities/ES0127797019-XLIS,ES0127797019,Euronext Lisbon,Spain
ELIS,https://live.euronext.com/en/product/equities/FR0012435121-XPAR,FR0012435121,Euronext Paris,France
ENEL,https://live.euronext.com/en/product/equities/IT0003128367-MTAA,IT0003128367,Euronext Milan,Italy
ENGIE,https://live.euronext.com/en/product/equities/FR0010208488-XPAR,FR0010208488,Euronext Paris,France
FORVIA,https://live.euronext.com/en/product/equities/FR0000121147-XPAR,FR0000121147,Euronext Paris,France
GECINA,https://live.euronext.com/en/product/equities/FR0010040865-XPAR,FR0010040865,Euronext Paris,France
GENERALI ASS,https://live.euronext.com/en/product/equities/IT0000062072-MTAA,IT0000062072,Euronext Milan,Italy
GETLINK SE,https://live.euronext.com/en/product/equities/FR0010533075-XPAR,FR0010533075,Euronext Paris,France
HEINEKEN,https://live.euronext.com/en/product/equities/NL0000009165-XAMS,NL0000009165,Euronext Amsterdam,Netherlands
HERMES INTL,https://live.euronext.com/en/product/equities/FR0000052292-XPAR,FR0000052292,Euronext Paris,France
INTESA SANPAOLO,https://live.euronext.com/en/product/equities/IT0000072618-MTAA,IT0000072618,Euronext Milan,Italy
IPSEN,https://live.euronext.com/en/product/equities/FR0010259150-XPAR,FR0010259150,Euronext Paris,France
"J.MARTINS,SGPS",https://live.euronext.com/en/product/equities/PTJMT0AE0001-XLIS,PTJMT0AE0001,Euronext Lisbon,Portugal
KBC,https://live.euronext.com/en/product/equities/BE0003565737-XBRU,BE0003565737,Euronext Brussels,Belgium
KERING,https://live.euronext.com/en/product/equities/FR0000121485-XPAR,FR0000121485,Euronext Paris,France
KINGSPAN GROUP PLC,https://live.euronext.com/en/product/equities/IE0004927939-XMSM,IE0004927939,Euronext Dublin,Ireland
KLEPIERRE,https://live.euronext.com/en/product/equities/FR0000121964-XPAR,FR0000121964,Euronext Paris,France
PHILIPS KON,https://live.euronext.com/en/product/equities/NL0000009538-XAMS,NL0000009538,Euronext Amsterdam,Netherlands
KPN KON,https://live.euronext.com/en/product/equities/NL0000009082-XAMS,NL0000009082,Euronext Amsterdam,Netherlands
L'OREAL,https://live.euronext.com/en/product/equities/FR0000120321-XPAR,FR0000120321,Euronext Paris,France
LEGRAND,https://live.euronext.com/en/product/equities/FR0010307819-XPAR,FR0010307819,Euronext Paris,France
LVMH,https://live.euronext.com/en/product/equities/FR0000121014-XPAR,FR0000121014,Euronext Paris,France
MOWI,https://live.euronext.com/en/product/equities/NO0003054108-XOSL,NO0003054108,Oslo Boers,Norway
ORANGE,https://live.euronext.com/en/product/equities/FR0000133308-XPAR,FR0000133308,Euronext Paris,France
PERNOD RICARD,https://live.euronext.com/en/product/equities/FR0000120693-XPAR,FR0000120693,Euronext Paris,France
PUBLICIS GROUPE SA,https://live.euronext.com/en/product/equities/FR0000130577-XPAR,FR0000130577,Euronext Paris,France
RANDSTAD NV,https://live.euronext.com/en/product/equities/NL0000379121-XAMS,NL0000379121,Euronext Amsterdam,Netherlands
RECORDATI ORD,https://live.euronext.com/en/product/equities/IT0003828271-MTAA,IT0003828271,Euronext Milan,Italy
RENAULT,https://live.euronext.com/en/product/equities/FR0000131906-XPAR,FR0000131906,Euronext Paris,France
SAINT GOBAIN,https://live.euronext.com/en/product/equities/FR0000125007-XPAR,FR0000125007,Euronext Paris,France
SANOFI,https://live.euronext.com/en/product/equities/FR0000120578-XPAR,FR0000120578,Euronext Paris,France
SARTORIUS STED BIO,https://live.euronext.com/en/product/equities/FR0013154002-XPAR,FR0013154002,Euronext Paris,France
SCHNEIDER ELECTRIC,https://live.euronext.com/en/product/equities/FR0000121972-XPAR,FR0000121972,Euronext Paris,France
SIGNIFY NV,https://live.euronext.com/en/product/equities/NL0011821392-XAMS,NL0011821392,Euronext Amsterdam,Netherlands
SNAM,https://live.euronext.com/en/product/equities/IT0003153415-MTAA,IT0003153415,Euronext Milan,Italy
SOCIETE GENERALE,https://live.euronext.com/en/product/equities/FR0000130809-XPAR,FR0000130809,Euronext Paris,France
SODEXO,https://live.euronext.com/en/product/equities/FR0000121220-XPAR,FR0000121220,Euronext Paris,France
SOLVAY,https://live.euronext.com/en/product/equities/BE0003470755-XBRU,BE0003470755,Euronext Brussels,Belgium
STOREBRAND,https://live.euronext.com/en/product/equities/NO0003053605-XOSL,NO0003053605,Oslo Boers,Norway
TERNA,https://live.euronext.com/en/product/equities/IT0003242622-MTAA,IT0003242622,Euronext Milan,Italy
THALES,https://live.euronext.com/en/product/equities/FR0000121329-XPAR,FR0000121329,Euronext Paris,France
UCB,https://live.euronext.com/en/product/equities/BE0003739530-XBRU,BE0003739530,Euronext Brussels,Belgium
UMICORE,https://live.euronext.com/en/product/equities/BE0974320526-XBRU,BE0974320526,Euronext Brussels,Belgium
UNIBAIL-RODAMCO-WE,https://live.euronext.com/en/product/equities/FR0013326246-XPAR,FR0013326246,Euronext Paris,France
UNILEVER,https://live.euronext.com/en/product/equities/GB00B10RZP78-XAMS,GB00B10RZP78,Euronext Amsterdam,United Kingdom
VALEO,https://live.euronext.com/en/product/equities/FR0013176526-XPAR,FR0013176526,Euronext Paris,France
VEOLIA ENVIRON.,https://live.euronext.com/en/product/equities/FR0000124141-XPAR,FR0000124141,Euronext Paris,France
VIVENDI SE,https://live.euronext.com/en/product/equities/FR0000127771-XPAR,FR0000127771,Euronext Paris,France
3I GROUP PLC,,GB00B1YW4409,London Stock Exchange,United Kingdom
ABB LTD,,CH0012221716,Swiss Exchange,Switzerland
ABRDN,,GB00BF8Q6K64,London Stock Exchange,United Kingdom
ACCIONA,,ES0125220311,Bolsa de Madrid,Spain
ADDTECH AB CLASS B,,SE0014781795,Stockholm Stock Exchange,Sweden
AENA SME,,ES0105046009,Bolsa de Madrid,Spain
ALFA LAVAL,,SE0000695876,Stockholm Stock Exchange,Sweden
AMADEUS IT GROUP,,ES0109067019,Bolsa de Madrid,Spain
ANGLO AMERICAN PLC,,GB00B1XZS820,London Stock Exchange,United Kingdom
ANTOFAGASTA PLC,,GB0000456144,London Stock Exchange,United Kingdom
AP MOELLER - MAERSK,,DK0010244508,Copenhaguen Stock Exchange,Denmark
ASSA ABLOY AB-B,,SE0007100581,Stockholm Stock Exchange,Sweden
ASTRAZENECA,,GB0009895292,London Stock Exchange,United Kingdom
BANCO SANTANDER CENT,,ES0113900J37,Bolsa de Madrid,Spain
BARCLAYS PLC,,GB0031348658,London Stock Exchange,United Kingdom
BARRATT DEVELOPMENTS,,GB0000811801,London Stock Exchange,United Kingdom
BAYER AG,,DE000BAY0017,Deutsche Boerse Xetra,Germany
BBVA,,ES0113211835,Bolsa de Madrid,Spain
BERKELEY GROUP HLD,,GB00BLJNXL82,London Stock Exchange,United Kingdom
BT GROUP PLC,,GB0030913577,London Stock Exchange,United Kingdom
BURBERRY GROUP,,GB0031743007,London Stock Exchange,United Kingdom
CARLSBERG A/S CL. B,,DK0010181759,Copenhaguen Stock Exchange,Denmark
CELLNEX TELECOM,,ES0105066007,Bolsa de Madrid,Spain
CHR HANSEN HOLDING,,DK0060227585,Copenhaguen Stock Exchange,Denmark
COCA-COLA HBC AG-CDI,,CH0198251305,London Stock Exchange,United Kingdom
CRODA INTERNATIONAL,,GB00BJFFLV09,London Stock Exchange,United Kingdom
DAIMLER TRUCK HLDNG,,DE000DTR0CK8,Deutsche Boerse Xetra,Germany
DEUTSCHE BOERSE AG,,DE0005810055,Deutsche Boerse Xetra,Germany
DHL GROUP,,DE0005552004,Deutsche Boerse Xetra,Germany
DIAGEO,,GB0002374006,London Stock Exchange,United Kingdom
DS SMITH,,GB0008220112,London Stock Exchange,United Kingdom
DSV A/S,,DK0060079531,Copenhaguen Stock Exchange,Denmark
ENAGAS,,ES0130960018,Bolsa de Madrid,Spain
ENTAIN PLC,,IM00B5VQMV65,London Stock Exchange,United Kingdom
EPIROC AB,,SE0015658109,Stockholm Stock Exchange,Sweden
ERICSSON B,,SE0000108656,Stockholm Stock Exchange,Sweden
ESSITY CLASS B,,SE0009922164,Stockholm Stock Exchange,Sweden
FRESENIUS SE & CO,,DE0005785604,Deutsche Boerse Xetra,Germany
GEA GROUP AG,,DE0006602006,Deutsche Boerse Xetra,Germany
GEBERIT AG REG.,,CH0030170408,Swiss Exchange,Switzerland
GIVAUDAN SA,,CH0010645932,Swiss Exchange,Switzerland
GRIFOLS SA,,ES0171996087,Bolsa de Madrid,Spain
HALMA PLC,,GB0004052071,London Stock Exchange,United Kingdom
HANNOVER RUECK SE,,DE0008402215,Deutsche Boerse Xetra,Germany
HELVETIA HOLDING,,CH0466642201,Swiss Exchange,Switzerland
HENNES & MAURITZ AB,,SE0000106270,Stockholm Stock Exchange,Sweden
HEXAGON AB-B,,SE0015961909,Stockholm Stock Exchange,Sweden
HOLCIM LTD,,CH0012214059,Swiss Exchange,Switzerland
HSBC HOLDINGS PLC,,GB0005405286,London Stock Exchange,United Kingdom
INDITEX,,ES0148396007,Bolsa de Madrid,Spain
INFINEON TECHNOLOGIE,,DE0006231004,Deutsche Boerse Xetra,Germany
INTERCONTINENTAL HTL,,GB00BHJYC057,London Stock Exchange,United Kingdom
INTERMEDIATE CAPITAL,,GB00BYT1DJ19,London Stock Exchange,United Kingdom
INTERTEK GROUP,,GB0031638363,London Stock Exchange,United Kingdom
INTL CONS AIRLINES,,ES0177542018,London Stock Exchange,United Kingdom
INVESTEC PLC,,GB00B17BBQ50,London Stock Exchange,United Kingdom
INVESTOR AB CLASS B,,SE0015811963,Stockholm Stock Exchange,Sweden
ITV,,GB0033986497,London Stock Exchange,United Kingdom
J SAINSBURY PLC,,GB00B019KW72,London Stock Exchange,United Kingdom
JOHNSON MATTHEY PLC,,GB00BZ4BQC70,London Stock Exchange,United Kingdom
JULIUS BAER GRUPPE,,CH0102484968,Swiss Exchange,Switzerland
KINGFISHER,,GB0033195214,London Stock Exchange,United Kingdom
KINNEVIK AB CLASS B,,SE0015810247,Stockholm Stock Exchange,Sweden
KNORR-BREMSE AG,,DE000KBX1006,Deutsche Boerse Xetra,Germany
KONE OYJ,,FI0009013403,Helsinki Stock Exchange.,Finland
LAND SECURITIES,,GB00BYW0PQ60,London Stock Exchange,United Kingdom
LANXESS AG,,DE0005470405,Deutsche Boerse Xetra,Germany
LEG IMMOBILIEN SE,,DE000LEG1110,Deutsche Boerse Xetra,Germany
LEGAL AND GENERAL,,GB0005603997,London Stock Exchange,United Kingdom
LLOYDS BANKING GROUP,,GB0008706128,London Stock Exchange,United Kingdom
LOGITECH INTL SA,,CH0025751329,Swiss Exchange,Switzerland
LONDON STOCK EXCHANG,,GB00B0SWJX34,London Stock Exchange,United Kingdom
MONDI PLC,,GB00B1CRLC47,London Stock Exchange,United Kingdom
NESTE OIL OYJ,,FI0009013296,Helsinki Stock Exchange.,Finland
NESTLE SA,,CH0038863350,Swiss Exchange,Switzerland
NOKIA,,FI0009000681,Helsinki Stock Exchange.,Finland
NORDEA BANK ABP,,FI4000297767,Helsinki Stock Exchange.,Finland
NOVARTIS,,CH0012005267,Swiss Exchange,Switzerland
NOVO NORDISK A/S,,DK0060534915,Copenhaguen Stock Exchange,Denmark
NOVOZYMES,,DK0060336014,Copenhaguen Stock Exchange,Denmark
OMV AG,,AT0000743059,Wiener Boerse,Austria
ORION OYJ CLASS B,,FI0009014377,Helsinki Stock Exchange.,Finland
ORSTED,,DK0060094928,Copenhaguen Stock Exchange,Denmark
PARTNERS GROUP HLDG,,CH0024608827,Swiss Exchange,Switzerland
PERSIMMON,,GB0006825383,London Stock Exchange,United Kingdom
PHOENIX GROUP,,GB00BGXQNP29,London Stock Exchange,United Kingdom
PORSCHE AG,,DE000PAG9113,Deutsche Boerse Xetra,Germany
PRUDENTIAL PLC,,GB0007099541,London Stock Exchange,United Kingdom
PUMA,,DE0006969603,Deutsche Boerse Xetra,Germany
REDEIA CORP,,ES0173093024,Bolsa de Madrid,Spain
SAP,,DE0007164600,Deutsche Boerse Xetra,Germany
SCHINDLER HLDG AG,,CH0024638196,Swiss Exchange,Switzerland
SEGRO,,GB00B5ZN1N88,London Stock Exchange,United Kingdom
SEVERN TRENT,,GB00B1FH8J72,London Stock Exchange,United Kingdom
SFS GROUP AG,,CH0239229302,Swiss Exchange,Switzerland
SGS,,CH1256740924,Swiss Exchange,Switzerland
SIEMENS AG,,DE0007236101,Deutsche Boerse Xetra,Germany
SIEMENS ENERGY AG,,DE000ENER6Y0,Deutsche Boerse Xetra,Germany
SIEMENS HEALTHINEERS,,DE000SHL1006,Deutsche Boerse Xetra,Germany
SIG GROUP AG,,CH0435377954,Swiss Exchange,Switzerland
SIKA AG,,CH0418792922,Swiss Exchange,Switzerland
SKANSKA AB,,SE0000113250,Stockholm Stock Exchange,Sweden
SONOVA HOLDING AG,,CH0012549785,Swiss Exchange,Switzerland
SPECTRIS PLC,,GB0003308607,London Stock Exchange,United Kingdom
SPIRAX-SARCO ENG PLC,,GB00BWFGQN14,London Stock Exchange,United Kingdom
ST JAMES''S PLACE,,GB0007669376,London Stock Exchange,United Kingdom
STORA ENSO OYJ,,FI0009005961,Helsinki Stock Exchange.,Finland
SVENSKA CELLULOSA B,,SE0000112724,Stockholm Stock Exchange,Sweden
SVENSKA HANDELSBNKEN,,SE0007100599,Stockholm Stock Exchange,Sweden
SWISS LIFE HOLDING,,CH0014852781,Swiss Exchange,Switzerland
SWISS RE AG,,CH0126881561,Swiss Exchange,Switzerland
SYMRISE AG,,DE000SYM9999,Deutsche Boerse Xetra,Germany
TAYLOR WIMPEY PLC,,GB0008782301,London Stock Exchange,United Kingdom
TECAN GROUP AG,,CH0012100191,Swiss Exchange,Switzerland
TELEFONICA,,ES0178430E18,Bolsa de Madrid,Spain
THYSSENKRUPP AG,,DE0007500001,Deutsche Boerse Xetra,Germany
TRELLEBORG AB,,SE0000114837,Stockholm Stock Exchange,Sweden
UBS GROUP,,CH0244767585,Swiss Exchange,Switzerland
UPM-KYMMENE OYJ,,FI0009005987,Helsinki Stock Exchange.,Finland
VALMET,,FI4000074984,Helsinki Stock Exchange.,Finland
VERBUND AG,,AT0000746409,Wiener Boerse,Austria
VESTAS WIND SYSTEMS,,DK0061539921,Copenhaguen Stock Exchange,Denmark
VODAFONE GROUP,,GB00BH4HKS39,London Stock Exchange,United Kingdom
VOLKSWAGEN PREF,,DE0007664039,Deutsche Boerse Xetra,Germany
VONOVIA SE,,DE000A1ML7J1,Deutsche Boerse Xetra,Germany
WARTSILA OYJ ABP,,FI0009003727,Helsinki Stock Exchange.,Finland
WHITBREAD,,GB00B1KJJ408,London Stock Exchange,United Kingdom
WPP,,JE00B8KF9B49,London Stock Exchange,United Kingdom
ZALANDO SE,,DE000ZAL1111,Deutsche Boerse Xetra,Germany
ZURICH INSURANCE AG,,CH0011075394,Swiss Exchange,Switzerland
