﻿Company Name,Address,Tel No,Email
ADŽIĆ ANDREJ  UL. 24. NOVEMBRA BR.4,," 068/488-889, ",
AL SARAJI NAĐA,"UL. RISTA LEKIĆA I-28, BR.10", 067/412-505,nadjasgme21@gmail.com
BJELOJEVIĆ SRĐAN,UL. 24. NOVEMBRA BR.4," 353-684, 069/435-441",djidjab@t-com.me
BOSOVIĆ SAID,"BULEVAR REVOLUCIJE A-10, 3/21", 067/426-451,said.bosovic@gmail.com
BULATOVIĆ N. MILO,UL. 24. NOVEMBRA A-1," 311-337, 067/547-209",bulatovicmilo1@gmail.com
VUKOSAVOVIĆ N. STANICA,UL. RISTA LEKIĆA D-9," 315-481, 069/021-892",
DAMJANOVIĆ D. MARINA  UL. RISTA LEKIĆA - ZGRADA 10/6,," 315-740, 069/031-415, ",
DELETIĆ LIDIJA,"UL. RISTA LEKIĆA BB (ZGRADA »BAR GRADNJE«), V SPRAT, STAN 32", 069/129-444,lidija.deletic@gmail.com
DRAGOVIĆ NAĐA,BULEVAR REVOLUCIJE C6," 069/640-460,",advnadjadragovic@gmail.com
mr DURAKOVIĆ ELVIS,BULEVAR REVOLUCIJE A-1, 068/200-992,adv.durakovic@gmail.com
DURUTOVIĆ M. DRAGUTIN,UL. MAKEDONSKA D-12," 314-534, 069/023-831",daso@t-com.me
ISIĆ JASMINA,UL. RISTA LEKIĆA I 31," 312-313, 068/310-031, 069/330-096",adv.jasmina.isic@gmail.com
JANKOVIĆ ĐORĐE  ZGRADA F-2,," 25-033, 311-561, 22-395, 069/033-500, ",
JOVANOVIĆ N. SPOMENKA,UL. RISTA LEKICA - ZGRADA 10/6," 315-740, 069/020-682",
KALEZIĆ SNEŽANA,UL. VLADIMIRA ROLOVIĆA 22," 318-489,  069/029-489",
KARIS IK SMILJANA,BULEVAR REVOLUCIJE A3," 069/722-424, 067/210-897",smiljana.karisik@yahoo.com
KNEŽEVIĆ NIKOLA,BULEVAR REVOLUCIJE C7, 067/212-900,knezevic.nikola10@gmail.com
KOVAČEVIĆ VLADIMIR  UL. RISTA LEKIĆA D-9,," 315-481, 069/032-935, ",
KONATAR IGOR,BULEVAR 24.NOVEMBRA H-23, 068/370-480,igorkonatar@t-com.me
LEKOVIĆ ALEKSANDRA,UL. RISTA LEKIĆA D 10/6," 310-406, 067/207-158",alek1@t-com.me
LEPOSAVIĆ ZORAN,"BULEVAR REVOLUCIJE A-10, 3/21"," 319-676, 069/500-336",adv.zleposavic@t-com.me
MAŽIBRADA SONJA,BULEVAR REVOLUCIJE A1," 303-393, 067/858-733",
MARUNOVIĆ M. VLADIMIR,UL. V. ROLOVIĆA 2," 318-001, 069/028-660",
MILOŠEVIĆ B.VLADIMIR,UL. JOVANA TOMAŠEVIĆA 23," 302-040 fax. 312-742, 069/030-448",vladimir@t-com.me
MIRKOVIĆ A. DRAGOLJUB,UL. RISTA LEKIĆA D-10," 111-381, 069/081-808",mirkadv@t-com.me
MIROVIĆ MILIĆ,UL. JOVANA TOMAŠEVIĆA 15," 311-086, 313-010, 069/067-458",
NASUFOVIĆ LEJLA,BULEVAR REVOLUCIJE A-1," 067/621-334, 068/655-162",
NIKOČEVIĆ KRISTINA,UL. MILA BOŠKOVIĆA 16," 311-094, 340-465, 069/417-417",
PEKIĆ SRĐAN,UL. VLADIMIRA ROLOVIĆA F-2/II," 311-948, 069/030-529",srdjanpek@t-com.me
PETROVIĆ GORAN,"BULEVAR REVOLUCIJE B11, LAMELA A"," 317-504, 069/027-850",petrovickatarina@t-com.me
POPOVIĆ STANA,BULEVAR REVOLUCIJE C-7," 067/744-992, 068/430-790",advokatspopovic@gmail.com
RAIČEVIĆ BOŽIDAR,BULEVAR REVOLUCIJE C-6," 068/029-202,",office.raicevic@gmail.com
RAIČEVIĆ MILONJA,BULEVAR REVOLUCIJE C-6," 311-314, 069/029-914",
SINANOVIĆ ALIJA,UL. RISTA LEKIĆA D-9," 319-661, 067/451-900",alens@t-com.me
STRUGAR NIKOLA,BULEVAR REVOLUCIJE A-10 I/2, 067/204-114,nikola.strugar77@gmail.com
TADIĆ NIKOLA,BJELIS I B.B.," 067/172-076,  067/284-602",
TRŠIĆ DEA,BULEVAR REVOLUCIJE A-3," 311-252, 067/414-384",advdeatrsic@gmail.com
FERATOVIĆ VAHEDIN,BULEVAR REVOLUCIJE A3," 317-404, 069/069-901",vakaf@hotmail.com
FERATOVIĆ RIFAT,BULEVAR REVOLUCIJE »TOPOLICA« A 3," 317-404, 069/079-328",budevice@t-com.me
FETIĆ IZET,BULEVAR REVOLUCIJE A-3," 317-354, 069/032-536",advfeticizet@t-com.me
HAJDUKOVIĆ DARKO,UL. RISTA LEKIĆA 29," 316-837, 067/631-005",
ČAR,," 068/008-110, ",
ČEJOVIĆ VESNA,UL. JOVANA TOMAŠEVIĆA 41," 312-228, 311-766",cejovic@t-com.me
ČELIĆ IVANA,UL. ALEKSE ŠANTIĆA 42, 069/808-506,ivana.celic@live.com
ČIZMOVIĆ RADAN,BULEVAR REVOLUCIJE BB," 312-905, 069/690-456",
DŽAKOVIĆ  MILORAD,BULEVAR REVOLUCIJE BR.2," 314-346, 067/333-225",
ŠLJIVANČANIN GORAN,BULEVAR REVOLUCIJE C-7/2P, 067/587-767,adv.goran@gmail.com
ŠUPLJEGLAV ŽELJKO,"UL. M. BOŠKOVIĆA, H-12", 069/620-251,banstef@t-com.me
S US TER STEFAN,UL. RISTA LEKIĆA D9, 067/879-460,shushterstefan@gmail.com
