﻿Company Name,Address,Tel No,Email
ANĐUŠIĆ DEJAN,UL. 13. JULA BB - ZGRADA BSP-A," 067/214-998, 069/299-949",adv.dejan.andjusic@gmail.com
ANIČIĆ ALEKSANDRA,"UL. JADRANSKI PUT B.B., P.O. BOX 60", 068/606-104,aleksandra.anicic10@gmail.com
BAJKOVIĆ DUŠAN,"POSLOVNO - ZANATSKI CENTAR, II SPRAT, LOKAL BR.46."," 458-761, 068/594-959",dusan.bajkovic@gmail.com
BOGAVAC NIKOLA,UL. PRVOMAJSKA BR.5, 069/434-719,nikolabogavac@hotmail.com
BOJANIĆ IVANA,UL. JADRANSKI PUT B.B.," 472-080, 067/205-206",bojanic.ivana@yahoo.com
BOJOVIĆ MIIORAD,"UL. JADRANSKI PUT B.B., P.O. BOX 60"," 456-312, 456-313, 456-314; 069/040-280",lawoffmb@t-com.me
BOŽOVIĆ-JOVOVIĆ NEVENKA,ROZINO BB, 069/426-277,advnevenkabozovic@t-com.me
VUJOVIĆ MARIJA,"UL. MEDITERANSKA BR.63"""," 067/320-503, 068/018-503",maremarebd@yahoo.com
VUJOVIĆ NEVENKA,UL. NIKOLE TESLE 4, 452-177,
GARDAŠEVIĆ SLAVICA,TRG SUNCA B.B.," 452-421, 068/027-638",s.gardasevic@t-com.me
DAPČEVIĆ DRAŠKO,TRG SUNCA 4 (ZGRADA ZAVODA ZA IZGRADNJU BUDVA A.D. I SPRAT," 451-172, 069/474-756",adv.dapcevic@t-com.me
ĐAČIĆ KOVILJKA,UL. 13. JULA B.B.," 067/653-510, 068/579-292",djacickoviljka@gmail.com
ŽIVKOVIĆ MIODRAG,UL. NJEGOS EVA 1," 41-166, 067/319-667",
ZEČEVIĆ V. VOJISLAV,UL. NJEGOS EVA 28, 069/024-798,
ILIĆ IVO,UL. DOSITEJEVA BR.55, 068/608-907,ivoilic.advbd@gmail.com
KAVEDŽIĆ NIKOLA,UL. MEDITERANSKA BR.63,"/fax: 078/103-754, 067/441-113",nikolakavedzic@gmail.com
KNEŽEVIĆ DIJANA,UL. MIMOZE BR.185, 068/024-874,adv.dijanak@gmail.com
KOVAČEVIĆ VESELIN,"JADRANSKI PUT BB, P.O. BOX 60"," 456-312, 456-313, 456-314, 068/483-665",kuznjecov@t-com.me
KOVAČEVIĆ SANDRA,UL. BOKELJSKE BRIGADE BR.6, 069/693-029,sandrakovacevic@t-com.me
MANDIĆ NEBOJŠA,"UL. 13.JULA, POSLOVNI CENTAR ""BSP""", 068/703-373,mmandicbd@gmail.com
MARTINOVIĆ JASMINA,"UL. 13.JULA, ZGRADA »BSP«, LOKAL BR.7", 067/690-005,jasminamartinovic81@gmail.com
MILAŠEVIĆ PREDRAG,"UL. 13 JULA POSLOVNI CENTAR ""BSP"""," 453-310, 069/330-783, 067/494-196",lawoffice.milasevic.predrag@gmail.com
MILIĆ JELENA,UL. GOLUBOVINA  S-47, 453-199,
MILIĆ ZORAN,"PRVA PROLETERSKA BB (ZGRADA RG MARKETA, SUTEREN - LOKAL BR.13)"," 068/119-557, 078/118-501",milic.z@t-com.me
MUČALICA NIKOLA,"LUGOVI, ZGRADA ""BSP""", 069/332-782,nmucalica@t-com.me
NIŠAVIĆ MILOJE,"BOLJAČI DO, UL.X BR.16", 068/817-727,milojebd@gmail.com
OROVIĆ MILOVAN,UL. DOSITEJEVA 43/III," 453-785, 453-786, 453-340, 069/030-785",
POLOVIĆ BALŠA,"POSLOVNI CENTAR ""BSP"""," 402-518, 067/842-788",
POLOVIĆ IRENA,UL. FILIPA KOVAČEVIĆA BR.13," 452-142, 069/028-247,",polovic@t-com.me
RADONJIĆ JOVAN,"DONJI BULEVAR BB, HOTEL ""TRE CANNE"", PRIZEMLJE"," 688-343, 068/528-152",jovanradonjic11@yahoo.com
STANIŠIĆ ŽELJKO,"ROZINO, ZGRADA ""BOŽOVIĆ FRANETA"", ULAZ II, STAN BR.27", 068/674-110,zeljkostanisic984@gmail.com
TRIPKOVIĆ D. JOKO,POSLOVNI CENTAR BSP, 069/035-339,
ČOLOVIĆ BRANKO,"UL. LUGOVI, ZGRADA ""BSP"""," 402-748, 069/598-869",adv.col@t-com.me
ČOSOVIĆ DEJAN,UL. 13. JULI 1," 451-398, 069/324-640",advcld@t-com.me
FRANOVIĆ TATJANA,UL. KRISTIFORA IVANOVIĆA 3, 453-191,
ŠĆEPANOVIĆ SLAVEN,"TRG SUNCA 2, ZGRADA ""MONTENEGRO EXPRESS"" 2.SPRAT/10"," 451-696, 067/602-872",info@scepanovic.me
