﻿Company Name,Address,Tel No,Email
ADAMOVIĆ VUKOJICA,UL. TRS OVA 10," 432-336, fax. 431-362, kuci: 432-948, 069/052-417",
BOŽOVIĆ JOSIF,UL. MUNIBA KUČEVIĆA B.B, 069/360-505,josif.bozovicc@gmail.com
BOŠKOVIĆ VIDOMIR,UL. RADOMIRA MEDOJEVIĆA BB," 067/218-131, 068/806-658",boskovicvidomir@gmail.com
BRAJKOVIĆ LUKA,UL. SLOBODE BR.1," 431-333, 069/339-690, 067/255-541",adv.brajkovic@yahoo.com
VLAHOVIĆ MILORAD,UL. 13.JULA 38," 433-540, 069/066-944",advokatmilorad@gmail.com
VUKOVIĆ MILOVAN,UL. 3. JANUARA BB," 068/783-409,",milovanvukovic88@gmail.com
GOGIĆ GORAN,UL. MUNIBA KUČEVIĆA BB," 068//783-911, 068/747-244",gogic.goran@yahoo.com
DIZDAREVIĆ KASIM,UL. KNEZA MIROSLAVA BB," 31-048, 069/051-145",
DIZDAREVIĆ ELMAZA,UL. MUNIBA KUČEVIĆA B.B, 067/826-268,elmaza87_d@hotmail.com
DROBNJAK PETAR,UL. SLOBODE BR.1," 068/783-376, 067/815-194",petardrobnjak1987@gmail.com
ĐALOVIĆ JELENA,UL. RADOMIRA MEDOJEVIĆA B.B.," 067/538-576, 068/783-469",jelenadjalovic@hotmail.com
JOKSIMOVIĆ M. MILADIN,UL. RADOMIRA MEDOJEVIĆA B.B.," 069/055-545, 068/783-470",advmiki@mtel-cg.net
KLJAJEVIĆ I. DRAGOSLAV,UL. ŠUKRIJE MEĐEDOVIĆA BB, 069/558-674,
KOJOVIĆ MILOS,UL. RADNIČKA, 068/450-951,reyes-90@live.com
KONATAR DRAGO,"UL. SLOBODANA PENEZIĆA, POSLOVNA ZGRADA ""NOVOPREVOZ"", I SPRAT", 069/542-222,adv.konatar@gmail.com
KRUNIĆ DEJAN,UL. 3.JANUARA, 069/509-001,dejankrunic34@gmail.com
KURGAS  FIKRET,UL. VOJA LJES NJAKA BB," 431-558,  067/375-210",advokat.kurgas@t-com.me
LUKAČ HAJRUDIN,UL. 3. JANUARA BB," 31-461, 069/083-498",
LUKAČ - VESKOVIĆ MERIMA,UL. MUNIBA KUČEVIĆA BB, 068/765-293,merimalukacveskovic@gmail.com
LJUJIĆ SLAĐANA,UL. 3. JANUARA, 068/158-508,ljujicsladja31@outlook.com
MEDOJEVIĆ VIŠNJA,UL. MUNIBA KUČEVIĆA BB, 067/321-359,medojevicvisnja@gmail.com
MILJIĆ MILOVAN,UL. MUNIBA KUCEVIĆA BB, 067/211-429,advmiljic@yahoo.com
MRDAK NEĐELJKO,UL. 3. JANUARA, 067/607-425,
MUZUROVIĆ REŠAD,UL. RADOMIRA MEDOJEVIĆA BB, 069/250-395,
NOVAKOVIĆ SLOBODAN,UL. TRS OVA  BB, 069/693-322,
NIŠAVIĆ MILOVAN,UL. SLOBODE BR.2,". 431-407, 069/058-411",advokatmn@t-com.me
NIS AVIĆ MILOS,UL. SLOBODE BR.2, 068/783-933,advokatmn@t-com.me
OBRADOVIĆ RADOVAN,RAKONJE - UL.NOVICE CEROVIĆA BB," 680-424, 069/531-721",radovanobradovic69@gmail.com
PAVIĆEVIĆ BOGDAN,UL. SLOBODE B.B, 068/188-884,bogdanpavicevic@outlook.com
PAVIĆEVIĆ OBRAD,UL. M. KUĆEVIĆA 9," 432-881,fax.432-889,  kuci:485-253;  069/022-276, 068/022-276",obrad-vuk@t-com.me
PAVIĆEVIĆ PETAR,UL. SLOBODE B.B.,". 431-126,  068/022-279",adv.pavicevic@t-com.me
POPOVIĆ RANISLAV,UL. MUNIBA KUČEVIĆA BB," 432-544, 481-935, 069/060-616",ranko.popovic@t-com.me
SMOLOVIĆ MILORAD  UL. SLOBODE BR. 2,," 795-245, 069/600-577, ",
SULJEVIĆ MUAMER,UL. SLOBODE B.B., 068/681-841,successteam28@gmail.com
FEMIĆ GORDANA,UL. 3. JANUARA, 068/139-321,gordanafemic1@gmail.com
HAJDAROVIĆ ADMIR,UL. MUNIBA KUČEVIĆA BB," 478-203, 067/545-767",adv.admirnh@gmail.com
HADROVIĆ RIFAT,UL. ŠUKRIJE MEĐEDOVIĆA, 067/622-354,
HADŽAJLIĆ ENIS,UL. 3. JANUARA B.B.," 069/822-684, 067/943-303,",adv.hadzajlic@gmail.com
CAMIĆ LUTVO,UL. MUNIBA KUČEVIĆA BB, 069/053-639,
ČINDRAK DŽ. KEMAL,UL. ŽIVKA ŽIŽIĆA 24/1-4, 421-901 069/056-362,
ČOVIĆ VLADIMIR,UL. SLOBODE B.B.,". 431-126, 068/471-415",vladocovic@yahoo.com
ŠESTOVIĆ MARKO,UL. SLOBODE BR.1, 067/570-367,sestovicmarko@yahoo.com
