﻿Company Name,Address,Tel No,Email
ADROVIĆ ATIF,UL. 29. NOVEMBRA BB, 068/580-523,
BOGAVAC SLAVICA,UL. JASIKOVAČKA B.B., 069/533-114,adv.bogavacslavica@gmail.com
VULEVIĆ DMITAR,"UL. MOJSIJA ZEČEVIĆA - P.C. ""EVROPA"""," 231-967, 067/316-346",vulevicdmitar@gmail.com
DELEVIĆ ALEKSANDAR,DONJE LUGE B.B, 067/275-002,alek.delevic@gmail.com
DRAGOJEVIĆ Z. VESELIN  UL. JOVANA CVIJIĆA 14,," 34-517, ",
ĐURKOVIĆ MILENA,UL. MILOŠA MALIŠIĆA BR.3, 068/463-147,milenadjurkovic@icloud.com
ZEČEVIĆ VESELIN,UL. MOJSIJE ZEČEVIĆA 26," 231-719, 069/577-555",advzecevicv@t-com.me
KOCKA DRAGANA,UL. MOJSIJA ZEČEVIĆA BR.1, 068/751-917,adv.kockadragana@gmail.com
LABUDOVIĆ LJ. DUŠAN,UL. SVETOSAVSKA 27, 32-389,
MAGDELINIĆ MILADIN  IV CRNOGORSKE BR. 5,," 068/794-055 , ",
MARKOVIĆ BATRIĆ,UL. MOJSIJE ZEČEVIĆA 12, 068/314-186,
MEĐEDOVIĆ ALMINA-MINKA,UL. VOJA MASLOVARIĆA BR.40," 239-238,  067/802-356",minkamedjedovic@yahoo.com
MEĐEDOVIĆ BEĆO,UL. VOJA MASLOVARIĆA BR.40, 067/429-256,medjedovicbeco@yahoo.com
MEĐEDOVIĆ DR. SEFER  UL. VOJA MASLOVARIĆA 40,," 239-238, 068/043-291, ",
MILETIĆ ĐORĐE,PES CA B.B.," 067/875-794,",mileticdjordje1992@gmail.com
NEDELJKOVIĆ NIKOLA,UL. MILJANA VUKOVA 2," 61-721, 068/389-480",adv.nikola.nedeljkovic@gmail.com
NIS AVIĆ DUS AN  UL. SVETOG SAVE B.B.,," 068/425-698, ",
OBRADOVIĆ FILIP,UL. MOJSIJA ZEČEVIĆA 3A," 068/446-250,",filipobradovicb@gmail.com
PANTOVIĆ GORAN,UL. MOJSIJA ZEČEVIĆA 1," 234-272, kuci 239-224, 069/054-146",
POPOVIĆ RANKO,LUŽAC BB," 245-137, 069/491-251",rankopop@hotmail.com
RADEVIĆ IGOR,NJEGOS EV TRG BB, 068/851-064,igo.radevic@hotmail.com
RADIĆ GORAN,DONJE LUGE B.B., 068/640-405,advgoranradic@gmail.com
RADOVANIĆ MARIJANA,UL. SVETOG SAVE BB," 078/103-196, 067/488-255",maja.radovanic02@gmail.com
RMUS  ALEKSANDAR,UL. MOJSIJA ZEČEVIĆA B.B., 068/632-772,advokatrmus@yahoo.com
RMUS  MARINKO,UL. MILJANA VUKOVA 3," 231-964, 069/053-635",
RMUS  RATKO,UL. MILOŠA MALIŠIĆA BB, 069/496-686.,ratkormus2016@gmail.com
SAIČIĆ VLADIMIR,UL. VINICKA BB, 068/277-932,vlado.saicic@gmail.com
SIMONOVIĆ ALEKSANDAR,UL. MOJSIJA ZEČEVIĆA 3A, 067/539-045,
SUJKOVIĆ HILMIJA,UL. MOJSIJA ZEČEVIĆA BR.30," 067/511-106,",hilmijasujkovic@gmail.com
STOJANOVIĆ MILOVAN,UL. MOJSIJA ZEČEVIĆA 3A,"234-811, 069/041-270",
TAJIĆ ALEKSANDRA,NASELJE JASIKOVAC BR.12, 069/939-543,aleksandratajic91@gmail.com
TAJIĆ DRAGANA,UL. 29. NOVEMBRA BB," 233-551, 069/445-705",advmiljantajic@gmail.com
TAJIĆ MILJAN,UL. MILJANA VUKOVA BB, 069/285-732,miljantajic@icloud.com
ĆULAFIĆ ALEKSANDAR,UL. VOJA MASLOVARIĆA BR.2, 067/247-532,
ČUKIĆ NIKOLA,OBALSKO NASELJE BB," 233-122, 067/519-137",nikolascukic@t-com.me
ČELIĆ VUKO  UL. M. TOMIČIĆA BR.1,," 067/501-234, ",
