﻿Company Name,Address,Tel No,Email
ARSIĆ DRECUN NATAŠA,S ETALIS TE SELJANOVO BR.55, 069/335-815,arsicnatasa11@gmail.com
BOŠKOVIĆ IVO,"SELJANOVO II/4, STAN BR.11", 067/279-811,
DRAGANIĆ BOŽIDAR,II DALMATINSKE BR.2," 671-277, 067/396-395",botank@t-com.me
JELIĆ TATJANA,NJEGOS EVA 6A, 069/101-843,tatjanativat@gmail.com
KOVAČEVIĆ IVANA,KARPOS KA BR.4," 674-886, 067/549-628",ivana82@t-com.me
KOVAČEVIĆ NENAD,MATKOVIĆI B.B., 069/293-233,advokativ@t-com.me
LAKIĆEVIĆ SNEŽANA,GORNJI KALIMANJ 3, 067/595-102,lakicevicsnezana@gmail.com
LJESAR SPASOJE,SELJANOVO 13," 671-478, 067/386-023",spasojelj@t-com.me
MARKOVIĆ NIKOLA,UL. LUKE TOMANOVIĆA 3A," 671-717, 069/450-927",advmarkovic@yahoo.com
MILJANIĆ ZORAN,MAŽINA BB," 671-717, 069/030-750",advokatmiljanic@t-com.me
MILJANIĆ NIKŠA,UL. LUKE TOMANOVIĆA 3A, 067/228-828,niksa@lawmiljanic.com
OBRADOVIĆ IVAN,BEOGRADSKA BR.25, 069/540-670,info@iolawoffice.me
PANTOVIĆ RATKO,OBALA BB, 069/217-195,advrpantovic@gmail.com
PETROVIĆ ANTONELA,KRAŠIĆI BB, 067/586-514,antonela.petrovic@gmail.com
SAMARDŽIĆ PETAR,UL. NIKOLE ÐURKOVICA 3," 674-529, 069/043-399",adv-psam@t-com.me
STJEPANIČIĆ ALEKSANDRA,UL. LUKE TOMANOVIĆA 3B," 674-529, 068/160-720, 069/060-720",advaleksandrastjepanicic@gmail.com
TODOROVIĆ - ČELANOVIĆ SUZANA,BELANI BB, 069/537-482,adv.suzanatc@gmail.com
