﻿Factoring company,URL,head office,Licence No,Executive director,Board of Directors
FAKTOR ONE DOO Podgorica,https://cbcg.me/en/core-functions/supervision/financial-service-providers/factoring-companies/faktor-one-doo-podgorica," Svetlane Kane Radević 3, Podgorica", 0101-2184-2/2019 of 11 March 2019, BORIS BUŠKOVIĆ,"SAVA DRAGIĆ
MLADEN ĐUROVIĆ
GORICA VUKIĆEVIĆ"
FINANCIAL SOLUTIONS DOO Podgorica,https://cbcg.me/en/core-functions/supervision/financial-service-providers/factoring-companies/financial-solutions-doo-podgorica," Baku 140, Podgorica", 0101-5897-2/2020 of 09 October 2020, ILIJA IVANOVIĆ,"MILORAD KATNIĆ
SAMO JOVIĆEVIĆ
TAMARA KOLJENŠIĆ"
