﻿Company Name,Address,Tel No,Email
ABRAMOVIĆ DARINKA,"MRKOS NICA BB, ZGRADA AUTOBUSKE STANICE", 067/520-747,
BAKOČ MIRJANA,MRKOS NICA 17, 067/284-060,bakocmirjana@gmail.com
BIJELOVIĆ ITANA,UL. RADOJA DAKIĆA 5/8, 068/723-424,la.itanad@gmail.com
BLAGOJEVIĆ BOŽO,UL. MANASTIRSKA 2A, 069/209-254,sladjablagojevic@t-com.me
BOŽOVIĆ JAKŠA,UL. SERDARA JOLA PILETIĆA B.B., 068/080-436,bozovic.jaksa@gmail.com
BULAJIĆ RATKA,UL. KRUPAČKA 4, 067/513-739,ratkabulajic@yahoo.com
VOJINOVIĆ MILAN,UL. SERDARA ŠĆEPANA 2," 245-100, 069/043-758",milanvojinovic@t-com.me
VULANOVIĆ DRAŠKO,UL. SERDARA ŠĆEPANA BB, 069/515-846,vdrasko@gmail.com
GLUŠČEVIĆ PERKO,UL. SERDARA ŠĆEPANA B.B," 213-434, 067/556-569",adv.gluscevic@gmail.com
GOGIĆ MILISAV,UL. GOJKA GARČEVIĆA BB (ZGRADA AUTOBUSKE STANICE)," 069/891-351, 068/126-258",advokatmisko@yahoo.com
DRAŠKOVIĆ DRAGAN,UL. VUKA MIĆUNOVIĆA 18,214-939; 069/028-711,dragan5@t-com.me
DRAŠKOVIĆ MILORAD,UL. NIKOLE TESLE BB (MONTEX)," 248-140, 067/514-421",mil.draskovic@gmail.com
DRINČIĆ RADOVAN,UL. NARODNIH HEROJA 1," 280-800, 069/283-226",advokatradovandrincic@gmail.com
DUBLJEVIĆ MAJA,UL. V PROLETERSKA," 068/117-774,",adv.majadubljevic@gmail.com
ÐOROJEVIĆ SLOBODAN,UL. NJEGOS EVA 15, 069/438-220,
ÐURAŠOVIĆ DRAGAN,UL. DRAGICE PRAVICE 4," 33-396, 067/566-428",
ŽDRALJEVIĆ JELENA,UL.  DRAGICE PRAVICE B.B.," 069/595-569,",zdraljevicj4@gmail.com
JAUKOVIĆ VESELINKA,JOVA PILETIĆA BR.4," 246-232, 067/201-805,",vesnajaukovic3@gmail.com
JOVIĆEVIĆ MILENA,UL. KARAĐORĐEVA BR.27, 067/863-286,milena300683@yahoo.com
JOVOVIĆ VERA,UL. II DALMATINSKA S 72/60, 067/808-401,
JOVOVIĆ MARINA,UL. SERDARA ŠĆEPANA 2," 245-100, 069/688-161",
KADIĆ IVAN,"UL. NIKA MILJANIĆA, ZGRADA BIVŠEG ""DRVOIMPEX-A""", 067/636-676,
KNEŽEVIĆ VLADIMIR,STARO PAZARIS TE BR.26," 243-960, 067/727-775",adv.vknezevic@gmail.com
KOVAČEVIĆ DANILO,UL. NARODNOG FRONTA 1," 280-477, 069/014-693",advdanilok@gmail.com
KOVAČEVIĆ NIKOLA,JOVANA CVIJIĆA BR.P/1," 213-428, 069/509-133",advnkovacevic53@gmail.com
KOVAČEVIĆ PREDRAG,UL. KARAĐORĐEVA 23," 213-694, 069/424-212",advpredrag@t-com.me
KOSTIĆ SAVA,UL. NIKA MILJANIĆA B.B.," 212-059, 280-600, 069/744-117, 068/527-482",savak7@gmail.com
KUŽIĆ NIKOLA,UL. DANILA BOJOVIĆA BR.1, 069/351-485,adv.nikolak@gmail.com
LABUDOVIĆ IVAN,"UL. NJEGOŠEVA 12, P.C. ""ATRIUM""", 067/536-005,
LALATOVIĆ NEBOJŠA,UL. NIKOLE TESLE 115/II," 258-367, 069/027-114",adv.lalatovic@t-com.me
LEOVAC MARIJA,JOVANA CVIJIĆA BR.P1," 213-428, 067/802-647",marija.n.leovac@gmail.com
LUKOVAC VESELIN,"UL. GOJKA GARČEVIĆA BB, (ZGRADA AUTOBUSKE STANICE)", 067/207-952,
MATIJAŠEVIĆ MILODARKA,UL. JOLA PILETIĆA 4, 246-337  -  069 346 077,advmatijasevic@t-com.me
MIJANOVIĆ VERA,UL. VI CRNOGORSKE T-6," 235-372, 069/474-199",
MIJANOVIĆ JOVANKA,UL. NOVICE CEROVIĆA 26, 069/645-458,
MIJUŠKOVIĆ ALEKSANDAR,UL. VOJISLAVLJEVIĆA BB, 069/495-919,advokatmijuskovic@gmail.com
MILETIĆ SLOBODANKA,"UL. NJEGOS EVA BB, L4", 067/765-999,slobamiletic@live.com
MILIĆEVIĆ PETAR,KLIČEVO BB, ---,
MILJANIĆ MILOS,UL. PETRA KOMNENIĆA BB, 069/964-536,advmilosmiljanic@gmail.com
MITRIĆ DRAGAN,UL. SERDARA ŠĆEPANA BB, 069/085-612,mitric.nk@t-com.me
MUJOVIĆ - RADOVIĆ BRANISLAVKA,UL. STARO PAZARIŠTE BB NIKŠIĆ," 067/735-131, 069/217-046",vanjci975@gmail.com
NIKOLIĆ VLADIMIR,UL. V PROLETERSKE BR.11, 069/639-107,
OGNJENOVIĆ IVANA,UL. NARODNOG FRONTA BR.1," 280-477, 067/016-797",advivanao@gmail.com
PAVLIĆEVIĆ MILJANA,UL. KARAĐORĐEVA BR.11," 069/209-014,",advokat.pavlicevic@gmail.com
PEJOVIĆ SIMO,UL. VUKA KARADŽICA 1, 069/342-354,
PEKOVIĆ VELJKO,"UL. SERDARA ŠĆEPANA, POSLOVNI CENTAR ""NIKŠIĆ"""," 227-777, 067/027-227",adv.veljko@gmail.com
PERUNOVIĆ MIJOMIR  UL. SERDARA ŠĆEPANA S-70,," 067/866-251, : mijo.perun@gmail.com",
ROGANOVIĆ RATKO,UL. KRSTA KOSTIĆA 20," 246-356, kuci: 231-560, 069/027-619",adv.ratko@t-com.me
RUŽIČIĆ PREDRAG,UL. NOVICE CEROVIĆA BR.9, 067/819-426,pedja.ruzicic@hotmail.com
STANIŠIĆ DRAGAN,UL. DRAGOVOLUČKA XII/68,069/087-956,
TODOROVIĆ DALIBOR,UL. DANILA BOJOVIĆA 4B, 067/881-166,adv.dalibortodorović@gmail.com
ĆALASAN BORISLAV,UL. JOLA PILETIĆA B.B.," 244-721, 069/275-126",mail.adv.calasan@gmail.com
ĆALASAN DRAGOMIR,UL. JOLA PILETIĆA B.B.," 244-721, 069/258-368",misko.calasan@gmail.com
"CEROVIĆ DRAŠKO,",NIKOLE TESLE BB, 069/512-486,adv.draskocerovic@gmail.com
ČOLAKOVIĆ DRAGUTIN,"UL. NIKOLE TESLE BB, POSLOVNE PROS"," 069/053-947,",
ČIZMOVIĆ ALEKSANDAR,UL. MANASTIRSKA 12, 213-367,aleksandarcizmovic@gmail.com
ČIZMOVIĆ ANA,OZRINIĆI B.B.," 680-126, 068/052-316",ana22cizmovic@gmail.com
ČIZMOVIĆ RADOVAN,UL. PEKA PAVLOVIĆA P+7/2," 31-587, 22-225, 069/227-806",
UROS EVIĆ  SONJA,UL. V PROLETERSKE 16B," 212-916,  069/418-134",s.kasalica@gmail.com
ŠEKARIĆ STEVO,"UL. NIKOEL TESLE BB (ZGRADA ""MONTEX-A"")"," 067/644-258,",sekarics@yahoo.com
ŠLJUKIĆ IVAN,UL. NOVICE CEROVIĆA 17," 251-907, 067/817-007",adv.sljukic@t-com.me
"ŠLJUKIĆ STEFAN,",UL. NOVICE CEROVIĆA 17, 067/518-816,sljukic.stefan@gmail.com
