﻿company,URL,PIB,Full name,Address
AGEA INTERNATIONAL,https://www.scmn.me/me/ucesnici-na-trzistu/emitenti/a-b-c-d-2/agea,02771896,"INVESTICIONO DRUŠTVO ""AGEA INTERNATIONAL"" AD PODGORICA","BUSINESS CITY, ARSENIJA BOLJEVIĆA 2A, PODGORICA"
MORAVAC,https://www.scmn.me/me/ucesnici-na-trzistu/emitenti/m-n-o-p-q/moravac,02251396,FARMA MORAVAC A.D BIJELO POLJE," SLOBODANA PENEZIĆA BB, BIJELO POLJE, Crna Gora"
MONTENEGRO AIRLINES,https://www.scmn.me/me/ucesnici-na-trzistu/emitenti/m-n-o-p-q/montenegro-airlines,02737175,MONTENEGRO AIRLINES,"BEOGRADSKA BR.10, PODGORICA, Crna Gora"
MMK STANDARD,https://www.scmn.me/me/ucesnici-na-trzistu/emitenti/m-n-o-p-q/mmk-standard,02100134,MMK STANDARD A.D NIKŠIĆ,"KARADZIĆA BB, NIKŠIĆ, Crna Gora"
MONTENEGRO WOOD SANCAKLI MOBILYA,https://www.scmn.me/me/ucesnici-na-trzistu/emitenti/m-n-o-p-q/montenegro-wood-sancakli-mobilya,03072690,MONTENEGRO WOOD SANCAKLI MOBILYA,"Maršala Tita bb, Rožaje, Crna Gora"
SAMBIC,https://www.scmn.me/me/ucesnici-na-trzistu/emitenti/r-s-s-t-u/sambic,0329393,SAMBIC - SAVANA ACQUISITION MOUNTAIN BLACK INVESTMENT CAPITAL AD PODGORICA,"SVETLANE KANE RADEVIĆ 3, 81000 PODGORICA"
MONTENEGRO MODERN SHOES,https://www.scmn.me/me/ucesnici-na-trzistu/emitenti/m-n-o-p-q/montenegro-modern-shoes,02340992,MONTENEGRO MODERN SHOES U STEČAJU,"CRNOGORSKIH  HEROJA  101, CETINJE, Crna Gora"
MORAČA,https://www.scmn.me/me/ucesnici-na-trzistu/emitenti/m-n-o-p-q/moraca,02034476,MORAČA A.D,"CRNOGORSKIH SERDARA BB, PODGORICA, Crna Gora"
MONTENEGROTURIST,https://www.scmn.me/me/ucesnici-na-trzistu/emitenti/m-n-o-p-q/montenegroturist,02005379,"A.D.""MONTENEGROTURIST""","Trg sunca 2, Budva, Crna Gora"
MONTENEGRO BROKER DILER,https://www.scmn.me/me/ucesnici-na-trzistu/emitenti/m-n-o-p-q/montenegro-broker-diler,02654458,MONTENEGRO BROKER DILER,"RIMSKI TRG BB, PC KRUŠEVAC, PODGORICA, Crna Gora"
VENQO GROUP,https://www.scmn.me/me/ucesnici-na-trzistu/emitenti/v-w-z-z/venqo,03346781,"AKCIONARSKO DRUŠTVO ""VENQO GROUP"" BIJELO POLJE","Slobodana Penezica bb, 84000 Bijelo Polje"
MONTECARGO,https://www.scmn.me/me/ucesnici-na-trzistu/emitenti/m-n-o-p-q/montecargo,02758628,"""MONTECARGO""","Trg golootočkih žrtava, PODGORICA, Crna Gora"
MONTEX,https://www.scmn.me/me/ucesnici-na-trzistu/emitenti/m-n-o-p-q/montex,02768844,MONTEX,"Nikole tesle b.b, NIKŠIĆ, Crna Gora"
MJEŠOVITO,https://www.scmn.me/me/ucesnici-na-trzistu/emitenti/m-n-o-p-q/mjesovito,02008190,MJEŠOVITO A.D HERCEG NOVI,"X Hercegovačke 1, HERCEG NOVI, Crna Gora"
MONTENEGROBERZA,https://www.scmn.me/me/ucesnici-na-trzistu/emitenti/m-n-o-p-q/montenegroberza,02168286,MONTENEGROBERZA A.D.,"Moskovska 77, PODGORICA, Crna Gora"
DUKLEY RESORT & SPA KOLAŠIN,https://www.scmn.me/me/ucesnici-na-trzistu/emitenti/a-b-c-d-2/dukley-resort-spa-kolasin,03297357,"AKCIONARSKO DRUŠTVO ""DUKLEY RESORT & SPA KOLAŠIN"" AD BUDVA","ZGRADA HARMONIJA, POLUOSTRVO ZAVALA, Budva"
Sveti Stefan Hoteli,https://www.scmn.me/me/ucesnici-na-trzistu/emitenti/r-s-s-t-u/svetistefanhoteli,03275108,"""SVETI STEFAN HOTELI"" AD BUDVA",Trg Slobode br.1 Budva
MONTENEGRO-EXPRESS GROUP,https://www.scmn.me/me/ucesnici-na-trzistu/emitenti/m-n-o-p-q/montenegro-express-group,02029707,"""MONTENEGRO EXPRESS GROUP""  A.D.","BUDVA TRG SUNCA 2, BUDVA, Crna Gora"
ALPMONT,https://www.scmn.me/me/ucesnici-na-trzistu/emitenti/a-b-c-d-2/alpmont,02016389,ALPMONT AD HERCEG NOVI,ZELENIKA BB
MONETA DZU,https://www.scmn.me/me/ucesnici-na-trzistu/emitenti/m-n-o-p-q/moneta-dzu,02334780,"Društvo za upravljanje investicionim fondom ""MONETA""","Trg Republike 13, PODGORICA, Crna Gora"
MONTEPRANZO - BOKAPRODUKT,https://www.scmn.me/me/ucesnici-na-trzistu/emitenti/m-n-o-p-q/montepranzo-bokaprodukt,02269066,MONTEPRANZO- BOKAPRODUKT A.D.,"MRČEVAC bb, TIVAT, Crna Gora"
NIG POBJEDA,https://www.scmn.me/me/ucesnici-na-trzistu/emitenti/m-n-o-p-q/nig-pobjeda,02013924,"N.I.G.""POBJEDA U STEČAJU"" A.D. Podgorica"," BULEVAR REVOLUCIJE 11, PODGORICA, Crna Gora"
NAPREDAK,https://www.scmn.me/me/ucesnici-na-trzistu/emitenti/m-n-o-p-q/napredak,02033542,"""NAPREDAK"" A.D KOTOR"," TRG OD ORUŽJA B.B., KOTOR, Crna Gora"
BETA INVESTMENTS,https://www.scmn.me/me/ucesnici-na-trzistu/emitenti/a-b-c-d-2/betainvestments,03321169,Beta Investments a.d. Podgorica,"Cetinjska 11, 81000 Podgorica"
NIKŠIĆKI MLIN,https://www.scmn.me/me/ucesnici-na-trzistu/emitenti/m-n-o-p-q/niksicki-mlin,02048094,"""NIKŠIĆKI MLIN"" A.D  NIKŠIĆ"," HERCEGOVAČKI PUT 5, NIKŠIĆ, Crna Gora"
NK BROKER,https://www.scmn.me/me/ucesnici-na-trzistu/emitenti/m-n-o-p-q/nk-broker,02440962,NK BROKER," TRG SLOBODE 10, NIKŠIĆ, Crna Gora"
NLB BANKA,https://www.scmn.me/me/ucesnici-na-trzistu/emitenti/m-n-o-p-q/nlb-banka,02011395,NLB BANKA A.D.," Bul.Stanka Dragojevića 46, PODGORICA, Crna Gora"
ADRIATIC BANK,https://www.scmn.me/me/ucesnici-na-trzistu/emitenti/a-b-c-d-2/adriatic-bank,03087158,ADRIATIC BANK a.d. Podgoirca," Bulevar Džordža Vašingtona 98, Podgorica, Crna Gora"
NOVOGRADNJA,https://www.scmn.me/me/ucesnici-na-trzistu/emitenti/m-n-o-p-q/novogradnja,02046407,NOVOGRADNJA A.D. Budva," TRG SUNCA BR.1, BUDVA, Crna Gora"
OBNOVA-PREMIS,https://www.scmn.me/me/ucesnici-na-trzistu/emitenti/m-n-o-p-q/obnova-premis,02051354,OBNOVA  PREMIS TD HERCEG NOVI," HERCEG NOVI, Crna Gora"
ODRŽAVANJE ŽELJEZNIČKIH VOZNIH SREDSTAVA,https://www.scmn.me/me/ucesnici-na-trzistu/emitenti/m-n-o-p-q/odrzavanje-zeljeznickih-voznih-sredstava,02816296,ODRŽAVANJE ŽELJEZNIČKIH VOZNIH SREDSTAVA A.D.," TRG GOLOOTOČKIH ŽRTAVA 13, PODGORICA, Crna Gora"
NOVI DUVANSKI KOMBINAT,https://www.scmn.me/me/ucesnici-na-trzistu/emitenti/m-n-o-p-q/novi-duvanski-kombinat,02860864,"""Novi duvanski kombinat""A.D"," KRUŠEVAC BB, PODGORICA, Crna Gora"
FINVEO,https://www.scmn.me/me/ucesnici-na-trzistu/emitenti/e-f-g-h/finveo,03321169,"INVESTICIONO DRUŠTVO ""FINVEO"" AD PODGORICA","UL. CETINJSKA BR. 11, PODGORICA"
NOVI PRVOBORAC,https://www.scmn.me/me/ucesnici-na-trzistu/emitenti/m-n-o-p-q/novi-prvoborac,02314223,"""NOVI PRVOBORAC"" A.D."," ZEMUNSKA 143 (Meljine) 143, HERCEG NOVI, Crna Gora"
PAPIR,https://www.scmn.me/me/ucesnici-na-trzistu/emitenti/m-n-o-p-q/papir,02017083,PAPIR D.D," MOŠE PIJADE 74 PODGORICA, PODGORICA, Crna Gora"
PAKO,https://www.scmn.me/me/ucesnici-na-trzistu/emitenti/m-n-o-p-q/pako,02217236,GRAFIČKO PROIZVODNO PREDUZEĆE PAKO A.D ANDRIJEVICA," BRANKA DELETIĆA, ANDRIJEVICA, Crna Gora"
OTRANTKOMERC,https://www.scmn.me/me/ucesnici-na-trzistu/emitenti/m-n-o-p-q/otrantkomerc,02006731,OTRANTKOMERC A.D," Trg Republike 13/I, Podgorica, Crna Gora"
LB RE DEVELOPMENT PARTNERS AD TIVAT,https://www.scmn.me/me/ucesnici-na-trzistu/emitenti/i-j-k-l/lb-re-development-partners-ad-tivat,03228789,LB RE DEVELOPMENT PARTNERS AD TIVAT,"Radovići bb, Tivat"
PLAVSKO JEZERO,https://www.scmn.me/me/ucesnici-na-trzistu/emitenti/m-n-o-p-q/plavsko-jezero,02065088,PLAVSKO JEZERO U STEČAJU PLAV," PLAV, Plav, Crna Gora"
PKB HERCEG NOVI,https://www.scmn.me/me/ucesnici-na-trzistu/emitenti/m-n-o-p-q/pkb-herceg-novi,02016389,TP PKB HERCEG NOVI A.D ZELENIKA," Zelenika bb, HERCEG NOVI, Crna Gora"
LB HOTEL DEVELOPMENT PARTNERS,https://www.scmn.me/me/ucesnici-na-trzistu/emitenti/i-j-k-l/lb-hotel-development-partners,03186105,"""LB HOTEL DEVELOPMENT PARTNERS"" AD TIVAT","Radovići bb, Tivat"
PLODOVI CRNE GORE,https://www.scmn.me/me/ucesnici-na-trzistu/emitenti/m-n-o-p-q/plodovi-crne-gore,02411016,PLODOVI CRNE GORE," SVETOZARA MARKOVIĆA 30, PODGORICA, Crna Gora"
PODGORICAPROMET,https://www.scmn.me/me/ucesnici-na-trzistu/emitenti/m-n-o-p-q/podgoricapromet,02189615,"""PODGORICAPROMET"" A.D. Podgorica"," Vasa Raičkovića 18 S, PODGORICA, Crna Gora"
PODGORICAEKSPRES,https://www.scmn.me/me/ucesnici-na-trzistu/emitenti/m-n-o-p-q/podgoricaekspres,02114666,PODGORICAEKSPRES," ZABJELO BR.10, PODGORICA, Crna Gora"
PODGORIČKI BROKER DILER,https://www.scmn.me/me/ucesnici-na-trzistu/emitenti/m-n-o-p-q/podgoricki-broker-diler,02451506,PODGORIČKI BROKER-DILER," Rimski trg 8/I, PODGORICA, Crna Gora"
POLIEX,https://www.scmn.me/me/ucesnici-na-trzistu/emitenti/m-n-o-p-q/poliex,02035057,"""POLIEX"" HEMIJSKA INDUSTRIJA A.D BERANE"," POLICA bb, BERANE, Crna Gora"
POLIPAK,https://www.scmn.me/me/ucesnici-na-trzistu/emitenti/m-n-o-p-q/polipak,02026244,POLIPAK BIJELO POLJE," INDUSTRIJSKA BB, BIJELO POLJE, Crna Gora"
POLJOPRIVREDA I ŠUMARSTVO,https://www.scmn.me/me/ucesnici-na-trzistu/emitenti/m-n-o-p-q/poljoprivreda-i-sumarstvo,02280108,POLJOPRIVREDA I ŠUMARSTVO A.D  BERANE," D. VUJOŠVIĆA 14, BERANE, Crna Gora"
PORT OF ADRIA,https://www.scmn.me/me/ucesnici-na-trzistu/emitenti/m-n-o-p-q/port-of-adria,02766698,"AD ""PORT OF ADRIA"" BAR"," OBALA 13 JULA BB, BAR, Crna Gora"
POSLOVNO LOGISTIČKI CENTAR MORAČA,https://www.scmn.me/me/ucesnici-na-trzistu/emitenti/m-n-o-p-q/poslovno-logisticki-centar-moraca,02026406,Poslovno Logistički Centar Morača a.d.," 8 MART 55, PODGORICA, Crna Gora"
POŠTA CRNE GORE,https://www.scmn.me/me/ucesnici-na-trzistu/emitenti/m-n-o-p-q/posta-crne-gore,02867940,POŠTA CRNE GORE," Slobode 1, PODGORICA, Crna Gora"
PRIMA,https://www.scmn.me/me/ucesnici-na-trzistu/emitenti/m-n-o-p-q/prima,02871831,"Društvo za upravljanje investicionim fondovima ""PRIMA"""," Bulevar Revolucije 50/5, PODGORICA, Crna Gora"
GRAĐEVINSKI NADZOR I LABORATORIJSKA ISPITIVANJA,https://www.scmn.me/me/ucesnici-na-trzistu/emitenti/e-f-g-h/gradevinski-nadzor-i-laboratorijska-ispitivanja,02013746,GRAĐEVINSKI NADZOR I LABORATORIJSKA ISPITIVANJA," Ul. Zetskih Vladara bb, Podgorica"
PREKOOKEANSKA PLOVIDBA,https://www.scmn.me/me/ucesnici-na-trzistu/emitenti/m-n-o-p-q/prekookeanska-plovidba,02002817,PREKOOKEANSKA  PLOVIDBA  BAR," MARŠALA TITA BR. 46, BAR, Crna Gora"
PRVA BANKA CRNE GORE,https://www.scmn.me/me/ucesnici-na-trzistu/emitenti/m-n-o-p-q/prva-banka-crne-gore-2-2,02096099,PRVA BANKA CRNE GORE AD. PODGORICA," Svetog Petra Cetinjskog 141, PODGORICA, Crna Gora"
PRIMORJE,https://www.scmn.me/me/ucesnici-na-trzistu/emitenti/m-n-o-p-q/primorje,02008637,"""PRIMORJE"" HOTELS & RESTAURANTS AD"," 21 NOVEMBAR B.B., TIVAT, Crna Gora"
QUANTUM INVESTMENTS DZU,https://www.scmn.me/me/ucesnici-na-trzistu/emitenti/m-n-o-p-q/quantum-investments-dzu,03090663,QUANTUM INVESTMENTS," Ivana Vujoševića 2, Podgorica, Crna Gora"
RSI GLOBAL INVESTICIONO DRUŠTVO,https://www.scmn.me/me/ucesnici-na-trzistu/emitenti/r-s-s-t-u/rsi-global,03393429,RSI GLOBAL INVESTICIONO DRUŠTVO A.D. PODGORICA,"Rimski Trg 4, 81000 PODGORICA"
RAČICA,https://www.scmn.me/me/ucesnici-na-trzistu/emitenti/r-s-s-t-u/racica,02008629,"IGM ""RAČICA"" A.D TIVAT"," Brdišta b.b., TIVAT, Crna Gora"
TF CAPITAL,https://www.scmn.me/me/ucesnici-na-trzistu/emitenti/r-s-s-t-u/tf-capital,03448398,TF Capital," RIMSKI TRG 4, PODGORICA, Crna Gora"
RADNIK INVEST,https://www.scmn.me/me/ucesnici-na-trzistu/emitenti/r-s-s-t-u/radnik-invest,02291738,RADNIK  INVEST  A.D U STEČAJU," UL. NEDELJKA MERDOVIĆA BR.15, BIJELO POLJE, Crna Gora"
REPUBLIČKI ZAVOD ZA URBANIZAM I PROJEKTOVANJE,https://www.scmn.me/me/ucesnici-na-trzistu/emitenti/r-s-s-t-u/republicki-zavod-za-urbanizam-i-projektovanje,02013690,REPUBLIČKI ZAVOD ZA URBANIZAM I PROJEKTOVANJE A.D.," BULEVAR REVOLUCIJE 2, Podgorica, Crna Gora"
RADOJE DAKIĆ,https://www.scmn.me/me/ucesnici-na-trzistu/emitenti/r-s-s-t-u/radoje-dakic,02014092,RADOJE DAKIĆ U STEČAJU A.D," Cetinjski put b.b., PODGORICA, Crna Gora"
RAŽNATOVIĆ CETINJE,https://www.scmn.me/me/ucesnici-na-trzistu/emitenti/r-s-s-t-u/raznatovic-cetinje,02457679,"""RAŽNATOVIĆ CETINJE"""," NIKCA OD ROVINA BB, CETINJE, Crna Gora"
RADNIK KOMERC,https://www.scmn.me/me/ucesnici-na-trzistu/emitenti/r-s-s-t-u/radnik-komerc,02291762,RADNIK KOMERC A.D," UL.NEDELJKA MERDOVIĆA BR.15, BIJELO POLJE, Crna Gora"
RIBNJAK - BERANE,https://www.scmn.me/me/ucesnici-na-trzistu/emitenti/r-s-s-t-u/ribnjak-berane,02280086,RIBNJAK A.D BERANE," D.VUJOŠEVIĆA 14-16, BERANE, Crna Gora"
RIBNJAK - NIKŠIĆ,https://www.scmn.me/me/ucesnici-na-trzistu/emitenti/r-s-s-t-u/ribnjak-niksic,02309009,RIBNJAK A.D NIKŠIĆ," Rastovac bb, NIKŠIĆ, Crna Gora"
13 Jul Plantaže,https://www.scmn.me/me/ucesnici-na-trzistu/emitenti/a-b-c-d-2/13-jul-plantaze,02016281,13 JUL- PLANTAŽE A.D,"Put Radomira Ivanovica br. 2, PODGORICA, Crna Gora"
RIVIERA,https://www.scmn.me/me/ucesnici-na-trzistu/emitenti/r-s-s-t-u/riviera,02013134,"""RIVIERA"" ZA PROIZVODNJU I TRGOVINU A.D. KOTOR"," INDUSTRIJSKA ZONA BB, KOTOR, Crna Gora"
2. M.,https://www.scmn.me/me/ucesnici-na-trzistu/emitenti/a-b-c-d-2/2-m,02298228,2M A. D. ROŽAJE,"M. TITA BB, ROŽAJE, Crna Gora"
ROBNA KUĆA NIKŠIĆANKA,https://www.scmn.me/me/ucesnici-na-trzistu/emitenti/r-s-s-t-u/robna-kuca-niksicanka,02284766,"ROBNA KUĆA ""NIKŠIĆANKA"" A.D."," NJEGOŠEVA 20, NIKŠIĆ, Crna Gora"
ABSOLUTE,https://www.scmn.me/me/ucesnici-na-trzistu/emitenti/a-b-c-d-2/absolute,02800390,"AD ""ABSOLUTE"" BAR","VLADIMIRA ROLOVIĆA BR.22, Bar, Crna Gora"
ROPLET,https://www.scmn.me/me/ucesnici-na-trzistu/emitenti/r-s-s-t-u/roplet,02086930,ROPLET A.D ROŽAJE," NASELJE NAPRETKA, ROŽAJE, Crna Gora"
ADDIKO BANK,https://www.scmn.me/me/ucesnici-na-trzistu/emitenti/a-b-c-d-2/addiko-bank,02454190,ADDIKO BANK A.D,"Bulevar Sv.Petra Cetinjskog 143, PODGORICA, Crna Gora"
RUDNICI BOKSITA,https://www.scmn.me/me/ucesnici-na-trzistu/emitenti/r-s-s-t-u/rudnici-boksita,02000687,RUDNICI BOKSITA U STEČAJU A.D. Nikšić," BULEVAR 13.JUL BR.30., Nikšić, Crna Gora"
AERODROMI CRNE GORE,https://www.scmn.me/me/ucesnici-na-trzistu/emitenti/a-b-c-d-2/aerodromi-crne-gore,02305623,"Akcionarsko društvo za uslužne djelatnosti u vazdušnom saobraćaju ""AERODROMI CRNE GORE""","Aerodrom ph 202, Podgorica, Crna Gora"
AGROTRANSPORT,https://www.scmn.me/me/ucesnici-na-trzistu/emitenti/a-b-c-d-2/agrotransport,02026341,AGROTRANSPORT D.D  PODGORICA,"4 JUL 54, Podgorica, Crna Gora"
RUDNIK UGLJA,https://www.scmn.me/me/ucesnici-na-trzistu/emitenti/r-s-s-t-u/rudnik-uglja,02009501,RUDNIK UGLJA  A.D," Velimira Jakića 6, Pljevlja, Crna Gora"
SANITAS,https://www.scmn.me/me/ucesnici-na-trzistu/emitenti/r-s-s-t-u/sanitas,02010534,SANITAS  A.D  BIJELO POLJE," INDUSTRIJSABB, BIJELO POLJE, Crna Gora"
ALBATROS,https://www.scmn.me/me/ucesnici-na-trzistu/emitenti/a-b-c-d-2/albatros,02006154,HTP ALBATROS A.D ULCINJ,"STEVA ĐAKONOVIĆA b.b., ULCINJ, Crna Gora"
SAVA MONTENEGRO,https://www.scmn.me/me/ucesnici-na-trzistu/emitenti/r-s-s-t-u/sava-montenegro,02303388,Akcionarsko društvo Sava osiguranje," Rimski trg 70, I sprat, PODGORICA, Crna Gora"
SERVISAGRO,https://www.scmn.me/me/ucesnici-na-trzistu/emitenti/r-s-s-t-u/servisagro,02270790,SERVISAGRO ZA PROMET ROBA I USLUGA EXPORT IM. A.D," BRACANA BRACANOVIĆA 49, PODGORICA, Crna Gora"
SERVISTRANS,https://www.scmn.me/me/ucesnici-na-trzistu/emitenti/r-s-s-t-u/servistrans,02261871,SERVISTRANS A.D  ROŽAJE," INDUSTRIJSKA ZONA ""ZELENI"" BB, ROŽAJE, Crna Gora"
SI MONETA,https://www.scmn.me/me/ucesnici-na-trzistu/emitenti/r-s-s-t-u/si-moneta,02404915,SI MONETA," BULEVAR LENJINA 99, PODGORICA, Crna Gora"
SINJAVINA,https://www.scmn.me/me/ucesnici-na-trzistu/emitenti/r-s-s-t-u/sinjavina,02260298,"U.T.P."" SINJAVINA"" A.D. Mojkovac"," Trg Ljubomira Bakoča bb, MOJKOVAC, Crna Gora"
SI PROMET - L,https://www.scmn.me/me/ucesnici-na-trzistu/emitenti/r-s-s-t-u/si-promet-l,02417936,SI PROMET  L  A.D," BRATSTVA I JEDINSTVA 33, PODGORICA, Crna Gora"
SOLANA BAJO SEKULIĆ,https://www.scmn.me/me/ucesnici-na-trzistu/emitenti/r-s-s-t-u/solana-bajo-sekulic,02006596,"SOLANA"" BAJO SEKULIĆ"" A.D. ULCINJ U STEČAJU"," Solanski put bb, ULCINJ, Crna Gora"
SOCIETA ITALO MONTENEGRINA INVESTIMENTI,https://www.scmn.me/me/ucesnici-na-trzistu/emitenti/r-s-s-t-u/societa-italo-montenegrina-investimenti,02618834,SOCIETA ITALO MONENEGRINA INVESTIMENTI A.D," Jovana Tomaševića bb,Njegoševa 13,Opš.pg, Podgorica, Crna Gora"
SKI RESORT - KOLAŠIN 1450,https://www.scmn.me/me/ucesnici-na-trzistu/emitenti/r-s-s-t-u/ski-resort-kolasin-1450,02688778,SKI RESORT - KOLAŠIN 1450 A. D.," MOJKOVAČKA 20, KOLAŠIN, Crna Gora"
STADION,https://www.scmn.me/me/ucesnici-na-trzistu/emitenti/r-s-s-t-u/stadion,02021226,UGOSTITELJSKO PREDUZEĆE STADION DD. BERANE," MILJANA VUKOVA BB, BERANE, Crna Gora"
STARA TARA,https://www.scmn.me/me/ucesnici-na-trzistu/emitenti/r-s-s-t-u/stara-tara,02820277,"HTPP ""STARA TARA"""," Velimira jakića 4, PLJEVLJA, Crna Gora"
ANDRIMER HELLAS,https://www.scmn.me/me/ucesnici-na-trzistu/emitenti/a-b-c-d-2/andrimer-hellas,02681633,ANDRIMER HELLAS AD,"ANDRIJEVICA, ANDRIJEVICA, Crna Gora"
SWISS OSIGURANJE,https://www.scmn.me/me/ucesnici-na-trzistu/emitenti/r-s-s-t-u/swiss-osiguranje,02096064,"Osiguravajuće društvo ""SWISS OSIGURANJE""  A.D."," NOVAKA MILOŠEVA 6/II, Podgorica, Crna Gora"
ATLAS BANKA,https://www.scmn.me/me/ucesnici-na-trzistu/emitenti/a-b-c-d-2/atlas-banka,02348772,ATLAS BANKA A.D. - PODGORICA,"VAKA ĐUROVIĆA BB-sjeverna tribina, PODGORICA, Crna Gora"
ŠTAMPARIJA OBOD,https://www.scmn.me/me/ucesnici-na-trzistu/emitenti/r-s-s-t-u/stamparija-obod,02004704,"ŠTAMPARIJA ""OBOD"" A.D. Cetinje"," NJEGOŠEVA 3, Cetinje, Crna Gora"
ATLAS MONT DZU,https://www.scmn.me/me/ucesnici-na-trzistu/emitenti/a-b-c-d-2/atlas-mont-dzu,02322471,DRUŠTVO ZA UPRAVLJANJE PRIV INV FONDOM ATLAS MONT,"Stanka Dragojevića 4, PODGORICA, Crna Gora"
CITADEL GROUP,https://www.scmn.me/me/ucesnici-na-trzistu/emitenti/a-b-c-d-2/citadel-group,02774844,"""CITADEL GROUP""AD",UL. NOVAKA MILOŠEVA 37/1 PODGORICA
TEHNO BAZA,https://www.scmn.me/me/ucesnici-na-trzistu/emitenti/r-s-s-t-u/tehno-baza,02001799,"""TEHNO BAZA"" NIKŠIĆ"," Kočani b.b., NIKŠIĆ, Crna Gora"
TARA - AEROSPACE,https://www.scmn.me/me/ucesnici-na-trzistu/emitenti/r-s-s-t-u/tara-aerospace,02464691,TARA - AEROSPACE AD Mojkovac," UL VOJISLAVA ŠĆEPANOVIĆA bb, MOJKOVAC, Crna Gora"
ATLAS MONT ZIF,https://www.scmn.me/me/ucesnici-na-trzistu/emitenti/a-b-c-d-2/atlas-mont-zif,02359499,Zatvoreni investicioni fond  ATLAS  MONT   a.d. Podgorica,"Stanka Dragojevića 4, PODGORICA, Crna Gora"
BARSKA PLOVIDBA,https://www.scmn.me/me/ucesnici-na-trzistu/emitenti/a-b-c-d-2/barska-plovidba,02324784,"""BARSKA PLOVIDBA"" A.D.  BAR","Obala ""13 Jula"" b.b., Bar, Crna Gora"
AUTOBOKA,https://www.scmn.me/me/ucesnici-na-trzistu/emitenti/a-b-c-d-2/autoboka,02013045,AUTOBOKA A.D KOTOR,"Put Prvoborca bb, KOTOR, Crna Gora"
TREND DZU,https://www.scmn.me/me/ucesnici-na-trzistu/emitenti/r-s-s-t-u/trend-dzu,02329000,DRUŠTVO ZA UPRAVLJANJE  INV. FONDOM TREND," NOVAKA MILOŠEVA 32, PODGORICA, Crna Gora"
BEAMAX,https://www.scmn.me/me/ucesnici-na-trzistu/emitenti/a-b-c-d-2/beamax,02009153,BEAMAX  A.D - BERANE,"POLIMSKA 1, BERANE, Crna Gora"
AUTOREMONT,https://www.scmn.me/me/ucesnici-na-trzistu/emitenti/a-b-c-d-2/autoremont,02013061,AUTOREMONT AD Kotor Pred. Za opr.i održ drum mot v,"Put prvoboraca 188, KOTOR, Crna Gora"
TPC RAŽNATOVIĆ,https://www.scmn.me/me/ucesnici-na-trzistu/emitenti/r-s-s-t-u/tpc-raznatovic,02015501,"TP ""CENTAR RAŽNATOVIĆ ""ZA PROMET A.D"," TRG REPUBLIKE bb, PODGORICA, Crna Gora"
AUTOREMONT OSMANAGIĆ,https://www.scmn.me/me/ucesnici-na-trzistu/emitenti/a-b-c-d-2/autoremont-osmanagic,02117916,"""AUTOREMONT OSMANAGIĆ"" A.D  PODGORICA","4 JUL BB, PODGORICA, Crna Gora"
TP CENTARKOŽA,https://www.scmn.me/me/ucesnici-na-trzistu/emitenti/r-s-s-t-u/tp-centarkoza,02407744,TP CENTAR KOŽA," 8 MART 36, PODGORICA, Crna Gora"
TERMOPLAST,https://www.scmn.me/me/ucesnici-na-trzistu/emitenti/r-s-s-t-u/termoplast,02005794,"""TERMOPLAST U STEČAJU"""," GUSINJE GUSINJE, PLAV, Crna Gora"
BALCAN TELECOM - MNE,https://www.scmn.me/me/ucesnici-na-trzistu/emitenti/a-b-c-d-2/balcan-telecom-mne,02723859,"""BALCAN TELECOM-MNE""","NOVAKA MILOŠEVA 10/3, PODGORICA, Crna Gora"
BJELASICA-RADA,https://www.scmn.me/me/ucesnici-na-trzistu/emitenti/a-b-c-d-2/bjelasica-rada,02003899,BJELASICA  RADA A.D. u stečaju,"INDUSTRIJSKA BB, BIJELO POLJE, Crna Gora"
TRŽNI CENTAR,https://www.scmn.me/me/ucesnici-na-trzistu/emitenti/r-s-s-t-u/trzni-centar,02260301,TRŽNI CENTAR A.D MOJKOVAC," Mališe Damjanovića bb, Mojkovac, Crna Gora"
TREND KORALI,https://www.scmn.me/me/ucesnici-na-trzistu/emitenti/r-s-s-t-u/trend-korali,02774852,"""TREND KORALI"" AD"," OBALA IVA NOVAKOVIĆA BB, BAR, Crna Gora"
TREND FZU,https://www.scmn.me/me/ucesnici-na-trzistu/emitenti/r-s-s-t-u/trend-fzu,02360675,Zatvoreni investicioni fond TREND," Marka Miljanova 46, PODGORICA, Crna Gora"
BOKSITI,https://www.scmn.me/me/ucesnici-na-trzistu/emitenti/a-b-c-d-2/boksiti,02004585,BOKSITI A.D CETINJE,"SANKOVA GOMILA B.B., CETINJE, Crna Gora"
BOKAKOMERC,https://www.scmn.me/me/ucesnici-na-trzistu/emitenti/a-b-c-d-2/bokakomerc,02269104,Bokakomerc A.D KOTOR,"85318 RADANOVIĆI, KOTOR, Crna Gora"
TRGOTEKSTIL,https://www.scmn.me/me/ucesnici-na-trzistu/emitenti/r-s-s-t-u/trgotekstil,02284774,TRGOTEKSTIL U STEČAJU A.D," ŠKOLSKA BB-KLIČEVO, NIKŠIĆ, Crna Gora"
BEA CENTAR,https://www.scmn.me/me/ucesnici-na-trzistu/emitenti/a-b-c-d-2/bea-centar,02280094,USLUŽNI SERVIS A.D  BERANE,"DUŠANA VUJOŠEVIĆA 14, BERANE, Crna Gora"
BEPEK,https://www.scmn.me/me/ucesnici-na-trzistu/emitenti/a-b-c-d-2/bepek,02278847,BEPEK A.D BERANE,"D.VUJOŠEVIĆA 14-16, BERANE, Crna Gora"
BERANE,https://www.scmn.me/me/ucesnici-na-trzistu/emitenti/a-b-c-d-2/berane,02009030,BERANE  A. D  BERANE,"VOJA MASLOVARIĆA BB, BERANE, Crna Gora"
TRGOCET,https://www.scmn.me/me/ucesnici-na-trzistu/emitenti/r-s-s-t-u/trgocet,02315432,TRGOCET A.D CETINJE," BALŠIĆA PAZAR BB, CETINJE, Crna Gora"
BISERNICA,https://www.scmn.me/me/ucesnici-na-trzistu/emitenti/a-b-c-d-2/bisernica,02691361,BISERNICA AD Rožaje,"Maršala Tita bb, ROŽAJE, Crna Gora"
TRGOKOOP,https://www.scmn.me/me/ucesnici-na-trzistu/emitenti/r-s-s-t-u/trgokoop,02117452,TRGOKOOP DD. PODGORICA," RADOMIRA IVANOVIĆA BR. 2, PODGORICA, Crna Gora"
TURIST BIRO,https://www.scmn.me/me/ucesnici-na-trzistu/emitenti/r-s-s-t-u/turist-biro,02001276,TURIST BIRO A.D NIKŠIĆ," GOJKA GARČEVIĆA BR.1, NIKŠIĆ, Crna Gora"
TURJAK,https://www.scmn.me/me/ucesnici-na-trzistu/emitenti/r-s-s-t-u/turjak,02078660,TURJAK  D.D  ROŽAJE," MARŠALA TITA BB, ROŽAJE, Crna Gora"
ULCINJSKA RIVIJERA,https://www.scmn.me/me/ucesnici-na-trzistu/emitenti/r-s-s-t-u/ulcinjska-rivijera,02006146,H.T.P ULCINJSKA RIVIJERA,"ULCINJ VELIKA PLAŽA B.B., ULCINJ, Crna Gora"
BRSKOVO,https://www.scmn.me/me/ucesnici-na-trzistu/emitenti/a-b-c-d-2/brskovo,02003953,TUP BRSKOVO  U STEČAJU  BJELO POLJE,"UL. SLOBODE BR.9, Bijelo Polje, Crna Gora"
BUDVANSKA RIVIJERA,https://www.scmn.me/me/ucesnici-na-trzistu/emitenti/a-b-c-d-2/budvanska-rivijera,02005328,"HOTELSKA  GRUPA "" BUDVANSKA RIVIJERA"" a.d. Budva","Trg Sunca 2, Budva, Crna Gora"
ULTEP,https://www.scmn.me/me/ucesnici-na-trzistu/emitenti/r-s-s-t-u/ultep,02043874,ULTEP A.D  ULCINJ," P FAH BR. 1VLADIMIR, ULCINJ, Crna Gora"
BULL AND BEAR BROKER,https://www.scmn.me/me/ucesnici-na-trzistu/emitenti/a-b-c-d-2/bull-and-bear-broker,02708256,"BULL AND BEAR BROKER,DILER, INVEST. SAVJETNIK","Novaka Miloševa 37/1, PODGORICA, Crna Gora"
VATROSTALNA,https://www.scmn.me/me/ucesnici-na-trzistu/emitenti/v-w-z-z/vatrostalna,02021366,VATROSTALNA  A.D," DAJBABE B.B., PODGORICA, Crna Gora"
BUSINESSMONTENEGRO,https://www.scmn.me/me/ucesnici-na-trzistu/emitenti/a-b-c-d-2/businessmontenegro,02117045,BUSINESSMONTENEGRO A.D. Podgorica,"Ljubljanska bb, (zgrada Montefarma), PODGORICA, Crna Gora"
UNIQA NEŽIVOTNO OSIGURANJE,https://www.scmn.me/me/ucesnici-na-trzistu/emitenti/r-s-s-t-u/uniqa-nezivotno-osiguranje,02717557,"""UNIQA NEŽIVOTNO OSIGURANJE"""," Hercegovačka 12, Podgorica, Crna Gora"
BUTTERFLY FINANCE DZU,https://www.scmn.me/me/ucesnici-na-trzistu/emitenti/a-b-c-d-2/butterfly-finance-dzu,02998459,"DRUŠTVO ZA UPRAVLJANJE INVESTICIONIM FONDOM ""BUTTERFLY FINANCE"" AD PODGORICA","Marka Miljanova 46, Podgorica, Crna Gora"
BEAMEDIA,https://www.scmn.me/me/ucesnici-na-trzistu/emitenti/a-b-c-d-2/beamedia,02278723,MALOPRODAJA A.D BERANE,"MOJSIJA ZEČEVIĆA 5, BERANE, Crna Gora"
UNIVERSAL CAPITAL BANK,https://www.scmn.me/me/ucesnici-na-trzistu/emitenti/r-s-s-t-u/universal-capital-bank,02684462,Universal Capital Bank AD," Stanka Dragojevića bb PC „Milenijum“, PODGORICA, Crna Gora"
VEKTRA BOKA,https://www.scmn.me/me/ucesnici-na-trzistu/emitenti/v-w-z-z/vektra-boka,02008238,"AD ZA HOTELIJERSTVO I TURIZAM ""VEKTRA -BOKA"""," MANASTIRSKA 8, Herceg Novi, Crna Gora"
C- VRAČAR,https://www.scmn.me/me/ucesnici-na-trzistu/emitenti/a-b-c-d-2/c-vracar,02008408,C VRAČAR A.D  HERCEG NOVI,"NJEGOŠEVA 46, HERCEG NOVI, Crna Gora"
UNIQA ŽIVOTNO OSIGURANJE,https://www.scmn.me/me/ucesnici-na-trzistu/emitenti/r-s-s-t-u/uniqa-zivotno-osiguranje,02383136,UNIQA ŽIVOTNO OSIGURANJE," Hercegovačka 12, PODGORICA, Crna Gora"
CEMEX MONTENEGRO,https://www.scmn.me/me/ucesnici-na-trzistu/emitenti/a-b-c-d-2/cemex-montenegro,02270803,CEMEX MONTENEGRO A.D.,"TC PALADA Serdara Jola Piletića BB, PODGORICA, Crna Gora"
C.G. PRODUKT,https://www.scmn.me/me/ucesnici-na-trzistu/emitenti/a-b-c-d-2/c-g-produkt,02407752,C.G. PRODUKT,"8 MART36, PODGORICA, Crna Gora"
UTP TARA,https://www.scmn.me/me/ucesnici-na-trzistu/emitenti/r-s-s-t-u/utp-tara,02290308,"UTP ""TARA"" AD"," KRALJA PETRA I B.B., PLJEVLJA, Crna Gora"
CASTELLO MONTENEGRO,https://www.scmn.me/me/ucesnici-na-trzistu/emitenti/a-b-c-d-2/castello-montenegro,02010127,"""CASTELLO MONTENEGRO"" A.D. Pljevlja","RADOSAVAC BB, PLJEVLJA, Crna Gora"
VELEPRODAJA,https://www.scmn.me/me/ucesnici-na-trzistu/emitenti/v-w-z-z/veleprodaja,02309025,VELEPRODAJA  A.D," ŠKOLSKA B.B., NIKŠIĆ, Crna Gora"
CENTAR ZA ODMOR REKREACIJU I LIJEČENJE IGALO,https://www.scmn.me/me/ucesnici-na-trzistu/emitenti/a-b-c-d-2/centar-za-odmor-rekreaciju-i-lijecenje-igalo,02008173,CENTAR ZA ODMOR REKREACIJU I LIJEČENJE IGALO A.D,"SAVA ILIĆA BR. 7, Herceg Novi, Crna Gora"
VELIMPORT,https://www.scmn.me/me/ucesnici-na-trzistu/emitenti/v-w-z-z/velimport,02266008,VELIMPORT A.D," BRACANA BRACANOVIĆA B.B., PODGORICA, Crna Gora"
VINOPROMET,https://www.scmn.me/me/ucesnici-na-trzistu/emitenti/v-w-z-z/vinopromet,02007908,"T. P. ""VINOPROMET"" A.D. Herceg Novi"," SAVE  KOVAČEVIĆA  20, HERCEG NOVI, Crna Gora"
CENTROJADRAN,https://www.scmn.me/me/ucesnici-na-trzistu/emitenti/a-b-c-d-2/centrojadran,02185261,CENTROJADRAN A.D BAR,"JNA BR.4, BAR, Crna Gora"
ČELEBIĆ INVEST,https://www.scmn.me/me/ucesnici-na-trzistu/emitenti/a-b-c-d-2/celebicinvest,02015927,ČELEBIĆ INVEST A.D. PODGORICA,"Oktoih 2, PODGORICA, Crna Gora"
CG BROKER - DILER,https://www.scmn.me/me/ucesnici-na-trzistu/emitenti/a-b-c-d-2/cg-broker-diler,02254255,CG BROKER - DILER A.D,"Novaka Miloševa 12/II, PODGORICA, Crna Gora"
VIP BROKER DILER,https://www.scmn.me/me/ucesnici-na-trzistu/emitenti/v-w-z-z/vip-broker-diler,02448432,VIP BROKER-DILER," BULEVAR DŽ. VAŠINGTONA bb, PODGORICA, Crna Gora"
C-PROMET,https://www.scmn.me/me/ucesnici-na-trzistu/emitenti/a-b-c-d-2/c-promet,02315459,C  PROMET,"BALŠIĆA PAZAR BB, CETINJE, Crna Gora"
CENTRALNO KLIRINŠKO DEPOZITARNO DRUŠTVO,https://www.scmn.me/me/ucesnici-na-trzistu/emitenti/a-b-c-d-2/ckdd-2-2,02320924,CENTRALNO KLIRINŠKO DEPOZITARNO DRUŠTVO A.D,"Svetlane Kane Radević bb, PODGORICA, Crna Gora"
VELIKA PLAŽA,https://www.scmn.me/me/ucesnici-na-trzistu/emitenti/v-w-z-z/velika-plaza,02018357,HTP VELIKA PLAŽA A.D ULCINJ," VELIKA PLAŽA, ULCINJ, Crna Gora"
CRNA GORA,https://www.scmn.me/me/ucesnici-na-trzistu/emitenti/a-b-c-d-2/crna-gora,02046024,UTIP CRNA GORA A.D  PODGORICA,"Bul.Svetog Petra Cetinjskog 2, PODGORICA, Crna Gora"
WALL STREET BROKER,https://www.scmn.me/me/ucesnici-na-trzistu/emitenti/v-w-z-z/wall-street-broker,02669536,WALL STREET BROKER," Pod magistralom bb, BUDVA, Crna Gora"
WESTERN BALKAN CAPITAL,https://www.scmn.me/me/ucesnici-na-trzistu/emitenti/v-w-z-z/western-balkan-capital,02873303,WESTERN BALKAN CAPITAL," Bulevar Ivana Crnojevića 67, PODGORICA, Crna Gora"
CRNA GORA - INŽENJERING,https://www.scmn.me/me/ucesnici-na-trzistu/emitenti/a-b-c-d-2/crna-gora-inzenjering,02259672,INŽINJERING CRNA GORA A.D NIKŠIĆ,"BAJA PIVLJANINA 7/A, NIKŠIĆ, Crna Gora"
CRNAGORACOOP,https://www.scmn.me/me/ucesnici-na-trzistu/emitenti/a-b-c-d-2/crnagoracoop,02000326,CRNAGORACOOP  A.D  DANILOVGRAD,"Landža, PODGORICA, Crna Gora"
CRNAGORAPUT,https://www.scmn.me/me/ucesnici-na-trzistu/emitenti/a-b-c-d-2/crnagoraput,02013703,CRNAGORAPUT A.D,"HERCEGOVAČKA 102, Podgorica, Crna Gora"
ZAPAD BANKA,https://www.scmn.me/me/ucesnici-na-trzistu/emitenti/v-w-z-z/zapad-banka,03032531,ZAPAD BANKA," Moskovska bb, Podgorica, Crna Gora"
WIENER STAEDTISCHE,https://www.scmn.me/me/ucesnici-na-trzistu/emitenti/v-w-z-z/wiener-staedtische,02808102,WIENER STAEDTISCHE životno osiguranje Podgorica ad," Bulevar revolucije 50/1, Podgorica, Crna Gora"
CRNOGORSKA KOMERCIJALNA BANKA,https://www.scmn.me/me/ucesnici-na-trzistu/emitenti/a-b-c-d-2/crnogorska-komercijalna-banka,02239108,CRNOGORSKA KOMERCIJALNA BANKA A.D,"Ul. Moskovska bb, PODGORICA, Crna Gora"
CRNOGORSKI CEMENT PLJEVLJA,https://www.scmn.me/me/ucesnici-na-trzistu/emitenti/a-b-c-d-2/crnogorski-cement-pljevlja,02923416,"""Crnogorski cement Pljevlja""","Otilovići b.b, Pljevlja, Crna Gora"
ZAVOD ZA IZGRADNJU BUDVA,https://www.scmn.me/me/ucesnici-na-trzistu/emitenti/v-w-z-z/zavod-za-izgradnju-budva,02022672,ZAVOD ZA IZGRADNJU BUDVE A.D," TRG SUNCA 4, BUDVA, Crna Gora"
ZAŠTITA,https://www.scmn.me/me/ucesnici-na-trzistu/emitenti/v-w-z-z/zastita,02015358,SUP ZAŠTITA U STEČAJU A.D  PODGORICA," Oktobarske revolucije 70, PODGORICA, Crna Gora"
CRNOGORSKA PLOVIDBA,https://www.scmn.me/me/ucesnici-na-trzistu/emitenti/a-b-c-d-2/crnogorska-plovidba,02399849,CRNOGORSKA PLOVIDBA,"ŠKALJARI BB, KOTOR, Crna Gora"
ZAVOD ZA IZGRADNJU BARA,https://www.scmn.me/me/ucesnici-na-trzistu/emitenti/v-w-z-z/zavod-za-izgradnju-bara,02002744,ZAVOD ZA IZGRADNJU BARA U STEČAJU A.D. Bar," VLADIMIRA ROLOVIĆA  F 2, BAR, Crna Gora"
ZETA FILM,https://www.scmn.me/me/ucesnici-na-trzistu/emitenti/v-w-z-z/zeta-film,02005263,"FILMSKO PREDUZEĆE ""ZETA FILM"" A.D. Budva"," MEDITERANSKA BR.4, BUDVA, Crna Gora"
ZETATRANS,https://www.scmn.me/me/ucesnici-na-trzistu/emitenti/v-w-z-z/zetatrans,02011468,"A.D. ""ZETATRANS"", Logističke usluge"," Ćemovsko polje bb, PODGORICA, Crna Gora"
CRNOGORSKI TELEKOM,https://www.scmn.me/me/ucesnici-na-trzistu/emitenti/a-b-c-d-2/crnogorski-telekom,02289377,CRNOGORSKI TELEKOM  A.D. PODGORICA,"Kralja Nikole br.2, Podgorica, Crna Gora"
CRNOGORSKI ELEKTROPRENOSNI SISTEM,https://www.scmn.me/me/ucesnici-na-trzistu/emitenti/a-b-c-d-2/crnogorski-elektroprenosni-sistem,02751372,"""CRNOGORSKI ELEKTROPRENOSNI SISTEM""A.D.","BULEVAR SV. PETRA CETINJSKOG BR.18, PODGORICA, Crna Gora"
DAIDO METAL KOTOR,https://www.scmn.me/me/ucesnici-na-trzistu/emitenti/a-b-c-d-2/daido-metal-kotor,02013053,DAIDO METAL KOTOR A.D.,"Industrijska zona b.b., KOTOR, Crna Gora"
ZIRAAT BANK MONTENEGRO,https://www.scmn.me/me/ucesnici-na-trzistu/emitenti/v-w-z-z/ziraat-bank-montenegro,03048136,ZIRAAT BANK MONTENEGRO," Slobode bb, Podgorica, Crna Gora"
DRVOIMPEX,https://www.scmn.me/me/ucesnici-na-trzistu/emitenti/a-b-c-d-2/drvoimpex,02628155,"DRVOIMPEX ZA IZVOZ, UVOZ I UNUTRAŠNJI PROMET","BULEVAR REVOLUCIJE 5, PODGORICA, Crna Gora"
ŽELJEZNIČKA INFRASTRUKTURA CRNE GORE,https://www.scmn.me/me/ucesnici-na-trzistu/emitenti/v-w-z-z/zeljeznicka-infrastruktura-crne-gore,02723816,ŽELJEZNIČKA INFRASTRUKTURA CRNE GORE A.D.," Trg golootočkih žrtava 13, PODGORICA, Crna Gora"
ŽELJEZNIČKI PREVOZ CRNE GORE,https://www.scmn.me/me/ucesnici-na-trzistu/emitenti/v-w-z-z/zeljeznicki-prevoz-crne-gore,02723620,"""ŽELJEZNIČKI PREVOZ CRNE GORE"" A.D."," Trg golootočkih žrtava br.13, PODGORICA, Crna Gora"
DRVOIMPEX - ČELUGE,https://www.scmn.me/me/ucesnici-na-trzistu/emitenti/a-b-c-d-2/drvoimpex-celuge,02256436,DRVOIMPEX ČELUGE  ZA TRGOVINU NA VELIKO I MALO A.D,"ČELUGE BB, BAR, Crna Gora"
DRVOIMPEX - MONT,https://www.scmn.me/me/ucesnici-na-trzistu/emitenti/a-b-c-d-2/drvoimpex-mont,02971429,DRVOIMPEX-MONT,"Oktobarske revolucije 3/16, Podgorica, Crna Gora"
ATLAS LIFE,https://www.scmn.me/me/ucesnici-na-trzistu/emitenti/a-b-c-d-2/atlas-life,02695227,ATLAS LIFE A.D Podgorica,"Stanka  Dragojevića 4, PODGORICA, Crna Gora"
START COM,https://www.scmn.me/me/ucesnici-na-trzistu/emitenti/r-s-s-t-u/startcom,02274256,"""START COM"" AKCIONARSKO DRUŠTVO ZA TRGOVINU I USLUGE PODGORICA","BULEVAR REVOLUCIJE BR.3, PODGORICA, Crna Gora"
DRVOIMPEX-MOBILE,https://www.scmn.me/me/ucesnici-na-trzistu/emitenti/a-b-c-d-2/drvoimpex-mobile,02256444,DRVOIMPEX  MOBILE ZA TRG.  A.D,"BULEVAR REVOLUCIJE BR.5, Podgorica, Crna Gora"
DRVOIMPEX-MERVEL,https://www.scmn.me/me/ucesnici-na-trzistu/emitenti/a-b-c-d-2/drvoimpex-mervel,02274132,DRVOIMPEX MERVEL ZA SPOLJAŠNJU I UNUTR.TRG. A.D,"bulevar revolucije br.5, PODGORICA, Crna Gora"
DRVOIMPEX-PREHRANA,https://www.scmn.me/me/ucesnici-na-trzistu/emitenti/a-b-c-d-2/drvoimpex-prehrana,02256509,DRVOIMPEX PREHRANA ZA TRGOVINU NA V. I MALO A.D,"Bulevar revolucije br.5, PODGORICA, Crna Gora"
DRVOIMPEX-SPOLJOPRED,https://www.scmn.me/me/ucesnici-na-trzistu/emitenti/a-b-c-d-2/drvoimpex-spoljopred,02274264,DRVOIMPEX SPOLJOPRED ZA TRGOVINU NA V. I M. A.D,"Bulevar Revolucije br.5, Podgorica, Crna Gora"
EKOS BANKA,https://www.scmn.me/me/ucesnici-na-trzistu/emitenti/e-f-g-h/ekos-banka,02293323,EKOS BANKA A.D PODGORICA U STEČAJU,"Novaka Miloševa br.6, PODGORICA, Crna Gora"
DRVOIMPEX-STANDARD,https://www.scmn.me/me/ucesnici-na-trzistu/emitenti/a-b-c-d-2/drvoimpex-standard,02257670,DRVOIMPEX STANDARD A.D PODGORICA,"BULEVAR REVOLUCIJE BR.5, PODGORICA, Crna Gora"
DUKLJA,https://www.scmn.me/me/ucesnici-na-trzistu/emitenti/a-b-c-d-2/duklja,02013665,DUKLJA A.D PODGORICA,"NOVAKA MILOŠEVA 6, Podgorica, Crna Gora"
ELEKTROINDUSTRIJA OBOD,https://www.scmn.me/me/ucesnici-na-trzistu/emitenti/e-f-g-h/elektroindustrija-obod,02004658,"ELEKTROINDUSTRIIJA""OBOD"" U STEČAJU A.D CETINJE","Bulevar Crnogorskih junaka b.b., Cetinje, Crna Gora"
ELEKTROPRIVREDA CRNE GORE,https://www.scmn.me/me/ucesnici-na-trzistu/emitenti/e-f-g-h/elektroprivreda-crne-gore,02002230,ELEKTROPRIVREDA CRNE GORE A.D NIKŠIĆ,"VUKA KARADŽIĆA BR.2, NIKŠIĆ, Crna Gora"
ERSTE BANK,https://www.scmn.me/me/ucesnici-na-trzistu/emitenti/e-f-g-h/erste-bank,02351242,ERSTE  BANK A.D,"Studentska bb, PODGORICA, Crna Gora"
EUROFOND ZIF,https://www.scmn.me/me/ucesnici-na-trzistu/emitenti/e-f-g-h/eurofond-zif,02359472,"Zatvoreni investicioni fond ""EUROFOND"" - u postupku transformacije","Svetog Petra Cetinjskog 78, Podgorica, Crna Gora"
ELEKTROTEHNA,https://www.scmn.me/me/ucesnici-na-trzistu/emitenti/e-f-g-h/elektrotehna,02199734,ELEKTROTEHNA U STEČAJU,"Simona Ivanova 1, PODGORICA, Crna Gora"
EUROINVEST,https://www.scmn.me/me/ucesnici-na-trzistu/emitenti/e-f-g-h/euroinvest,02332019,DRUŠTVO ZA UPRAVLJANJE PRIV. INV FONDOM EUROINVEST,"Svetog Petra Cetinjskog 78, Podgorica, Crna Gora"
FABRIKA BETONSKIH ELEMENATA ZATON,https://www.scmn.me/me/ucesnici-na-trzistu/emitenti/e-f-g-h/fabrika-betonskih-elemenata-zaton,02291720,FABRIKA BETONSKIH ELEMENATA ZATON A.D u stečaju,"UL. NEDELJKA MERDOVIĆA BR.15, BIJELO POLJE, Crna Gora"
FJORD,https://www.scmn.me/me/ucesnici-na-trzistu/emitenti/e-f-g-h/fjord,02014912,"HP "" FJORD"" A.D KOTOR","Stari grad 476, KOTOR, Crna Gora"
FRIGO BELL,https://www.scmn.me/me/ucesnici-na-trzistu/emitenti/e-f-g-h/frigo-bell,02278766,HLADNJAČA A.D BERANE,"DUŠANA VUJOŠEVIĆA 14, BERANE, Crna Gora"
FLASH,https://www.scmn.me/me/ucesnici-na-trzistu/emitenti/e-f-g-h/flash,02788888,AD  FLASH  PODGORICA,"Bul. Sv.Petra Cetinjskog br.80, Podgorica, Crna Gora"
GENERALI OSIGURANJE MONTENEGRO,https://www.scmn.me/me/ucesnici-na-trzistu/emitenti/e-f-g-h/generali-osiguranje-montenegro,02702967,Akcionarsko društvo za osiguranje GENERALI OSIGURANJE MONTENEGRO,"Kralja Nikole 27 A / VI, PODGORICA, Crna Gora"
FUDBALSKI KLUB BUDUĆNOST,https://www.scmn.me/me/ucesnici-na-trzistu/emitenti/e-f-g-h/fudbalski-klub-buducnost,02707306,"""FUDBALSKI KLUB ""BUDUĆNOST"" A.D. Podgorica","UL. VAKA ĐUROVIĆA BR.2, PODGORICA, Crna Gora"
GRAĐEVINSKO PREDUZEĆE PRIMORJE,https://www.scmn.me/me/ucesnici-na-trzistu/emitenti/e-f-g-h/gradevinsko-preduzece-primorje,02006669,GP PRIMORJE U STEČAJU A.D ULCINJ,"BIJELA GORA BB, ULCINJ, Crna Gora"
GRADINA-KVARTA,https://www.scmn.me/me/ucesnici-na-trzistu/emitenti/e-f-g-h/gradina-kvarta,02278456,GRADINA  KVARTA A.D,"VOJA LJEŠNJAKA BB, BIJELO POLJE, Crna Gora"
GORICAPROMET,https://www.scmn.me/me/ucesnici-na-trzistu/emitenti/e-f-g-h/goricapromet,02026384,GORICAPROMET D.D PODGORICA,"OKTOBARSKE REVOLUCIJE 93, PODGORICA, Crna Gora"
GORNJI IBAR - PODGORICA,https://www.scmn.me/me/ucesnici-na-trzistu/emitenti/e-f-g-h/gornji-ibar-podgorica,02297345,GORNJI IBAR A.D PODGORICA,"4 JULA B.B., PODGORICA, Crna Gora"
IMAKO,https://www.scmn.me/me/ucesnici-na-trzistu/emitenti/i-j-k-l/imako,02045982,IMAKO A.D   BIJELO POLJE,"INDUSTRIJSKA BB, BIJELO POLJE, Crna Gora"
GRAĐEVINSKO GORICA,https://www.scmn.me/me/ucesnici-na-trzistu/emitenti/e-f-g-h/gradevinsko-gorica,02043378,OPŠTE GRAĐEVINSKO GORICA U STEČAJU A.D PODGORICA,"4 JULA 60, PODGORICA, Crna Gora"
HIDROTERM,https://www.scmn.me/me/ucesnici-na-trzistu/emitenti/e-f-g-h/hidroterm,02407736,HIDROTERM A.D. Podgorica,"8. Marta 36, PODGORICA, Crna Gora"
GROSS MARKET,https://www.scmn.me/me/ucesnici-na-trzistu/emitenti/e-f-g-h/gross-market,02091682,GROSS MARKET,"BULEVAR LENJINA 105, PODGORICA, Crna Gora"
GUMIG,https://www.scmn.me/me/ucesnici-na-trzistu/emitenti/e-f-g-h/gumig,02078619,GUMIG A.D  BERANE,"RUDEŠ BB, Berane, Crna Gora"
GRAWE,https://www.scmn.me/me/ucesnici-na-trzistu/emitenti/e-f-g-h/grawe,02416042,GRAWE OSIGURANJE A.D. Podgorica,"NOVAKA MILOŠEVA BR. 6 / I I, Podgorica, Crna Gora"
HIPOTEKARNA BANKA,https://www.scmn.me/me/ucesnici-na-trzistu/emitenti/e-f-g-h/hipotekarna-banka,02085020,HIPOTEKARNA BANKA A.D Podgorica,"ul Slobode 91, PODGORICA, Crna Gora"
HLT,https://www.scmn.me/me/ucesnici-na-trzistu/emitenti/e-f-g-h/hlt,02329611,DRUŠTVO ZA UPRAVLJANJE PRIV. INV. FONDOM HLT,"Novaka Miloševa 6/II, PODGORICA, Crna Gora"
INSTITUT ZA CRNU METALURGIJU,https://www.scmn.me/me/ucesnici-na-trzistu/emitenti/i-j-k-l/institut-za-crnu-metalurgiju,02040760,INSTITUT CRNE METALURGIJE  A. D,"VUKA KARADZIĆA BB, NIKŠIĆ, Crna Gora"
HORIZON LOGISTICS,https://www.scmn.me/me/ucesnici-na-trzistu/emitenti/e-f-g-h/horizon-logistics,02002787,HORIZON LOGISTICS U STEČAJU A.D BAR,"UL. JNA BR.6, BAR, Crna Gora"
INSTITUT ZA ŠUMARSTVO,https://www.scmn.me/me/ucesnici-na-trzistu/emitenti/i-j-k-l/institut-za-sumarstvo,02018454,INSTITUT ZA ŠUMARSTVO  A.D PODGORICA,"NOVAKA MILOŠEVA 10, PODGORICA, Crna Gora"
INDUSTRIAIMPORT-INDUSTRIAIMPEX,https://www.scmn.me/me/ucesnici-na-trzistu/emitenti/i-j-k-l/industriaimport-industriaimpex,02013576,INDUSTRIAIMPORT - INDUSTRIAIMPEX A.D,"Svetog Petra Cetinjskog 1 A, PODGORICA, Crna Gora"
INPEK,https://www.scmn.me/me/ucesnici-na-trzistu/emitenti/i-j-k-l/inpek,2016052,PREDUZEĆE ZA PROIZV. I PROM .PREHR. PROIZ. INPEK,"PUT. R. IVANOVIĆA BR. 10, Podgorica, Crna Gora"
"INSTITUT ""DR SIMO MILOŠEVIĆ""",https://www.scmn.me/me/ucesnici-na-trzistu/emitenti/i-j-k-l/institut-dr-simo-milosevic,02008386,INSTITUT ZA FIZ. MED. REH. I REUM. SIMO MILOŠEVIĆ,"SAVA ILIĆA 5, HERCEG NOVI, Crna Gora"
INVEST BANKA MONTENEGRO,https://www.scmn.me/me/ucesnici-na-trzistu/emitenti/i-j-k-l/invest-banka-montenegro,02009960,INVEST BANKA MONTENEGRO A.D. Podgorica,"Bul. Svetog Petra Cetinjskog 115, PODGORICA, Crna Gora"
HIGIJENA,https://www.scmn.me/me/ucesnici-na-trzistu/emitenti/e-f-g-h/higijena,02015587,HIGIJENA A.D.  PODGORICA,"VAKA ĐUROVIĆA 112, PODGORICA, Crna Gora"
GVD MONT,https://www.scmn.me/me/ucesnici-na-trzistu/emitenti/e-f-g-h/gvd-mont,02628147,GVD MONT,"MILOŠA TOŠIĆA BB, PLJEVLJA, Crna Gora"
HLT FOND ZIF,https://www.scmn.me/me/ucesnici-na-trzistu/emitenti/e-f-g-h/hlt-fond-zif,02357798,"Zatvoreni investicioni fond ,,HLT  FOND'' a.d. Podgorica","Bulevar Revolucije 50/5, PODGORICA, Crna Gora"
HOTEL RAVNJAK,https://www.scmn.me/me/ucesnici-na-trzistu/emitenti/e-f-g-h/hotel-ravnjak,02024578,HOTEL RAVNJAK A.D  PODGORICA,"8 MARTA BB BB, PODGORICA, Crna Gora"
IZBOR,https://www.scmn.me/me/ucesnici-na-trzistu/emitenti/i-j-k-l/izbor,02003228,TP IZBOR  A.D. BAR,"V.Rolovica 22 Bar, Bar, Crna Gora"
JADRANPREVOZ,https://www.scmn.me/me/ucesnici-na-trzistu/emitenti/i-j-k-l/jadranprevoz,02038293,SAOBRAĆAJNO PREDUZEĆE JADRAN PREVOZ A.D,"ULCINJ NASELJE KODRE BB, ULCINJ, Crna Gora"
INVESTICIONO - RAZVOJNI FOND CRNE GORE,https://www.scmn.me/me/ucesnici-na-trzistu/emitenti/i-j-k-l/investiciono-razvojni-fond-crne-gore,02217937,INVESTICIONO - RAZVOJNI FOND CRNE GORE A.D.,"Bul.Sv.Petra Cetinjskog 126/I, Podgorica, Crna Gora"
JADRAN RIBA,https://www.scmn.me/me/ucesnici-na-trzistu/emitenti/i-j-k-l/jadran-riba,02016320,JADRAN RIBA DD.,"ŠKALJARI, KOTOR, Crna Gora"
JADRANSKO BRODOGRADILIŠTE,https://www.scmn.me/me/ucesnici-na-trzistu/emitenti/i-j-k-l/jadransko-brodogradiliste,02007428,JADRANSKO BRODOGRADILIŠTE U STEČAJU A.D BIJELA,"85 343 BIJELA bb, Herceg Novi, Crna Gora"
JADRANSKI SAJAM,https://www.scmn.me/me/ucesnici-na-trzistu/emitenti/i-j-k-l/jadranski-sajam,02005514,JADRANSKI SAJAM A.D. Budva,"TRG SLOBODE 5, BUDVA, Crna Gora"
JEKON,https://www.scmn.me/me/ucesnici-na-trzistu/emitenti/i-j-k-l/jekon,02004178,AD JEKON,"UL.MUNIBA KUČEVIĆA BR.9, BIJELO POLJE, Crna Gora"
JUGOINSPEKT,https://www.scmn.me/me/ucesnici-na-trzistu/emitenti/i-j-k-l/jugoinspekt,02026716,JUGOINSPEKT A.D  PODGORICA,"N.MILOŠEVA 37, Podgorica, Crna Gora"
JUGOPETROL,https://www.scmn.me/me/ucesnici-na-trzistu/emitenti/i-j-k-l/jugopetrol,02013258,JUGOPTROL A.D PODGORICA,"Stanka Dragojevića bb, Podgorica"
KARTONAŽA,https://www.scmn.me/me/ucesnici-na-trzistu/emitenti/i-j-k-l/kartonaza,02004836,"""KARTONAŽA"" A.D CETINJE CRNOGORSKIH JUNAKA B.B.","CETINJE, Crna Gora"
KIPS-POLIMKA,https://www.scmn.me/me/ucesnici-na-trzistu/emitenti/i-j-k-l/kips-polimka,02012081,KIPS - POLIMKA U STEČAJU,"RUDEŠ BB, BERANE, Crna Gora"
KNJIGOPROMET,https://www.scmn.me/me/ucesnici-na-trzistu/emitenti/i-j-k-l/knjigopromet,02004046,KNJIGOPROMET A.D  BIJELO POLJE INDUSTRIJSKA BB,"BIJELO POLJE, Crna Gora"
KOMPAS SERVIS,https://www.scmn.me/me/ucesnici-na-trzistu/emitenti/i-j-k-l/kompas-servis,02291797,KOMPAS- SERVIS A.D,"ZATON BB, BIJELO POLJE, Crna Gora"
KOMPAS-ARMING,https://www.scmn.me/me/ucesnici-na-trzistu/emitenti/i-j-k-l/kompas-arming,02291754,KOMPAS-ARMING A.D,"BIJELO POLJE ZATON B.B., BIJELO POLJE, Crna Gora"
KOTOR - PROJEKT,https://www.scmn.me/me/ucesnici-na-trzistu/emitenti/i-j-k-l/kotor-projekt,02063123,"KOTOR- PROJEKT"" A.D.","PUT PRVOBORACA ŠKALJARI bb, KOTOR, Crna Gora"
LENKA,https://www.scmn.me/me/ucesnici-na-trzistu/emitenti/i-j-k-l/lenka,02004186,LENKA U STEČAJU A.D.  BIJELO POLJE,"INDUSTRIJSKA BB, BIJELO POLJE, Crna Gora"
KRISTAL,https://www.scmn.me/me/ucesnici-na-trzistu/emitenti/i-j-k-l/kristal,02043254,KRISTAL A.D ROŽAJE,"INDUSTRIJSKA ZONA ZELENI BB, ROŽAJE, Crna Gora"
LOVĆEN - ŽIVOTNA OSIGURANJA,https://www.scmn.me/me/ucesnici-na-trzistu/emitenti/i-j-k-l/lovcen-zivotna-osiguranja,02815745,LOVĆEN-ŽIVOTNA OSIGURANJA,"Marka Miljanova 29/III, PODGORICA, Crna Gora"
LOVĆEN BANKA,https://www.scmn.me/me/ucesnici-na-trzistu/emitenti/i-j-k-l/lovcen-banka,02829541,Lovćen banka ad Podgorica,"Bulevar Džordža Vašingtona 56/I, PODGORICA, Crna Gora"
LIMIT PRIME SECURITIES,https://www.scmn.me/me/ucesnici-na-trzistu/emitenti/i-j-k-l/limit-prime-securities,03138933,"LIMIT PRIME SECURITIES BROKER, DILER, INVESTICIONI MENADŽER a.d. Podgorica","8. Mart 55, PODGORICA, Crna Gora"
LOVĆEN OSIGURANJE,https://www.scmn.me/me/ucesnici-na-trzistu/emitenti/i-j-k-l/lovcen-osiguranje,02018560,LOVĆEN OSIGURANJE PODGORICA,"UL. SLOBODE 13.A, PODGORICA, Crna Gora"
MADŽGALJ KOMPANY,https://www.scmn.me/me/ucesnici-na-trzistu/emitenti/m-n-o-p-q/madzgalj-kompany,02303787,MADŽGALJ KOMPANI A.D,"Medanovići b.b., Bijelo Polje, Crna Gora"
MAGISTRALA,https://www.scmn.me/me/ucesnici-na-trzistu/emitenti/m-n-o-p-q/magistrala,02260085,USU MAGISTRALA A.D. Mojkovac,"MOJKOVAČKIH JUNAKA B.B., MOJKOVAC, Crna Gora"
MARGOMARKET,https://www.scmn.me/me/ucesnici-na-trzistu/emitenti/m-n-o-p-q/margomarket,02117495,MARGOMARKET A.D PODGORICA,"RADOMIRA IVANOVIĆA 2, PODGORICA, Crna Gora"
MARINA,https://www.scmn.me/me/ucesnici-na-trzistu/emitenti/m-n-o-p-q/marina,02333155,MARINA A.D. BAR,"Obala ""13 Jula"" b.b., Bar, Crna Gora"
MEHANIZACIJA I PROGRAMAT,https://www.scmn.me/me/ucesnici-na-trzistu/emitenti/m-n-o-p-q/mehanizacija-i-programat,02259648,MEHANIZACIJA I PROGRAMAT A.D,"VOJA DELETIĆA B.B., NIKŠIĆ, Crna Gora"
MARKET,https://www.scmn.me/me/ucesnici-na-trzistu/emitenti/m-n-o-p-q/market,02371162,MARKET A.D,"GOLUBOVCI, PODGORICA, Crna Gora"
MERCUR SYSTEM,https://www.scmn.me/me/ucesnici-na-trzistu/emitenti/m-n-o-p-q/mercur-system,02305895,MERCUR SYSTEM,"Trg Sunca 10, BUDVA, Crna Gora"
MALJAT STONE,https://www.scmn.me/me/ucesnici-na-trzistu/emitenti/m-n-o-p-q/maljatstone,02000466,MALJAT STONE A.D DANILOVGRAD,"DRUGE DALMATINSKE B.B., Danilovgrad, Crna Gora"
LUKA KOTOR,https://www.scmn.me/me/ucesnici-na-trzistu/emitenti/i-j-k-l/luka-kotor,02044188,LUKA KOTOR A.D.,"PARK SLOBODE 1, KOTOR, Crna Gora"
MESOPROMET,https://www.scmn.me/me/ucesnici-na-trzistu/emitenti/m-n-o-p-q/mesopromet,02268426,MESOPROMET A.D PODGORICA,"UL. 8 MARTA 76, PODGORICA, Crna Gora"
LUČ - BIRO,https://www.scmn.me/me/ucesnici-na-trzistu/emitenti/i-j-k-l/luc-biro,02278774,LUČ-BIRO A.D BERANE,"DUŠANA VUJOŠEVIĆA 14, BERANE, Crna Gora"
LUKA BAR,https://www.scmn.me/me/ucesnici-na-trzistu/emitenti/i-j-k-l/luka-bar,02002558,LUKA BAR A.D BAR,"OBALA 13. JULA BB., BAR, Crna Gora"
MIMOZA,https://www.scmn.me/me/ucesnici-na-trzistu/emitenti/m-n-o-p-q/mimoza,02008564,"HTP "" MIMOZA""  A.D. TIVAT","OBALA BB, TIVAT, Crna Gora"
MIG,https://www.scmn.me/me/ucesnici-na-trzistu/emitenti/m-n-o-p-q/mig,02359502,"Društvo za menadžment poslove i upravljanje nekretninama ""MIG""","Bul. Džordža Vašingtona 3/19 3/19, PODGORICA, Crna Gora"
MISTICOM,https://www.scmn.me/me/ucesnici-na-trzistu/emitenti/m-n-o-p-q/misticom,02256452,MISTICOM akcionarsko društvo za trgovinu na veliko i malo,"OKTOBARSKE REVOLUCIJE 11, PODGORICA, Crna Gora"
LUŠTICA DEVELOPMENT,https://www.scmn.me/me/ucesnici-na-trzistu/emitenti/i-j-k-l/lustica-development,02744597,LUŠTICA DEVELOPMENT AD,"Radovići bb, TIVAT, Crna Gora"
LUTRIJA CRNE GORE,https://www.scmn.me/me/ucesnici-na-trzistu/emitenti/i-j-k-l/lutrija-crne-gore,02019230,LUTRIJA CRNE GORE A.D,"PC Kruševac, Rimski trg 50, PODGORICA, Crna Gora"
LOVĆENINVEST,https://www.scmn.me/me/ucesnici-na-trzistu/emitenti/i-j-k-l/lovceninvest,02017555,"""LOVĆENINVEST ""A.D. Podgorica","II Crnogorskog bataljona br.2i, PODGORICA, Crna Gora"
METAL PRODUKT,https://www.scmn.me/me/ucesnici-na-trzistu/emitenti/m-n-o-p-q/metal-produkt,02091747,METALPRODUKT A.D,"JADRANSKA 5, PODGORICA, Crna Gora"
