﻿Company Name,Address,Tel No,Email
ADEMOVIĆ AMRA,UL. S EIKA ZAIDA BR.2,"  067/202-014,",amra@lvmlawfirm.com
AKOVIĆ LAZAR,"UL. KRALJA NIKOLE, P.C. »NIKIĆ«, LOKAL BR.6"," 063/207-555, 068/523-313",lazarakovic@gmail.com
ANGELOVSKI NIKOLA,UL. MITRA BAKIĆA BR.144, 068/512-015,angelovski.lawofficemne@gmail.com
ANDRIJAŠEVIĆ ANA,UL. SLOBODE 16," 069/508-590, 067/331-422",ana.andrijasevic@jmv.co.me
ANDRIJAŠEVIĆ BISERA,"UL. CETINJSKA 11, THE CAPITAL PLAZA"," 230-396, 069/120-101",bisera.andrijasevic@bdkadvokati.com
ANĐELIĆ BRANKO,UL. VASA RAIČKOVIĆA 4A, 067/222-122,branko@andjelic-dragovic.com
ANÐELIĆ VLADISLAV,UL. 13. JULA BR. 33," 238-171, 069/061-010",vladoa@t-com.me
ANĐUŠIĆ VESELIN,ANKARSKI BULEVAR BR.38, 068/809-039,adv.andjusic@t-com.me
ANTOVIĆ NEVENKA,UL. SVETOZARA MARKOVIĆA  BR.14, 069/078-663,nevenka.antovic@gmail.com
ANTUNOVIĆ  JELENA,UL. VASA RAIČKOVIĆA 2A, 067/242-999,adv.jelenaantunovic@t-com.me
ARMENKO LAZAR,UL. DALMATINSKA BR.2, 069/324-284,lazar.armenko@yahoo.com
ASANOVIĆ BOJANA,UL. ULCINJSKA BR.3, 067/249-008,bojana.asanovic@tql.co.me
ASANOVIĆ NEBOJŠA,UL. BRACANA BRACANOVIĆA 34," 647-613, 069/076-076",nebojsaa@t-com.me
ADŽIĆ ANDREA,"UL. 27. MARTA, D9, 6/25", 067/558-921,advadzicandrea@gmail.com
ADŽIĆ BORIS,BULEVAR SVETOG PETRA CETINJSKOG BR.34, 069/061-572,boris.adzic@hblegal.me
ADŽIĆ MILADIN,UL. VUKA KARADŽIĆA BR.4/IV," 231-048, 230-646, 067/614-750",advadzic@t-com.me
ADŽIĆ MIROSLAV,"UL. SERADARA JOLA PILETIĆA, ZETAGRADNJA, LAMELA C"," 205-420,   068/422-233",adzic_miro@yahoo.com
ADŽOVIĆ SELMAN,UL. JOSIPA BROZA TITA BB, 067/588-374,adzovic.selman@gmail.com
AĆIMIĆ DANILO,UL. 13.JULA BR.3, 067/629-004,daniloacimic@gmail.com
BABOVIĆ mr MARICA,UL. SERDARA JOLA PILETIĆA BR.5, 067/356-088,maricababovic@t-com.me
BABOVIĆ SAŠA,UL. KRALJA NIKOLE 76, 069/450-137,advs.babovic@t-com.me
BAJČETA ZORICA,UL. MILJANA VUKOVA BR.3," 643-240, fax. 643-241,  067/272-119",zorica.bajceta@montenegrolaw.com
BAKRAČ ALEKSANDAR,BULEVAR SVETOG PETRA CETINJSKOG BR.54/I," 069/456-083, 067/067/042-889",bakraca@gmail.com
BANOVIĆ BOŽINA,UL. HERCEGOVAČKA 90, 067/581-021,
BATRIĆEVIĆ NEBOJŠA,UL. OKTOBARSKE REVOLUCIJE BR.12," 620-964, 069/081-777",nebojsa.batricevic@gmail.com
BAĆOVIĆ VELJKO,UL. JOVANA TOMAŠEVIĆA BR.21, 068/077-327,veljko.bacovic@mijovic-vukovic.me
BEČANOVIĆ VASO,UL. VUKA KARADŽIĆA BR.29, 067/284-299,vasobecanovic@gmail.com
BEGOVIĆ ZDRAVKO,UL. SLOBODE 60/IV, 220-223; 069/040-609,advbegovic@t-com.me
BJELANOVIĆ VUČKO,UL. 13. JULA 5/8," 664-837, 069/040-516",centromobilpg@t-com.me
BLAGOJEVIĆ MARIJA,UL. DŽORDŽA VAŠINGTONA BR.66," 234-490, 067/418-350",marijaquarius@gmail.com
BOGDANOVIĆ ANA,UL. VUKA KARADŽIĆA BR.29, 069/655-039,bogdanovicana@yahoo.com
BOGIĆEVIĆ MIRKO,"BUL. REVOLUCIJE, IV-34, ZGRADA ""VEKTRA""", 069/646-333,bogicevic@t-com.me
BOŽOVIĆ mr ANA,"UL. GAVRA VUKOVIĆA L-1, STAN BR.4", 067/559-553,bozovic.ana@t-com.me
BOŽOVIĆ M. VESKO,UL. MOSKOVSKA 99/II,": 228-068, 068/220-999",vesko.b.adv@t-com.me
BOŽOVIĆ RAJKO,UL. ÐOKA MIRAŠEVIĆA 47, 269-822; 069/017-838,
BOŽOVIĆ SRETEN,UL. RADOSAVA BURIĆA BR.191, 068/890-513,jakovboz@gmail.com
BOŽOVIĆ MARIJA,UL. ĐEČEVIĆA 7, 069/515-989,adv.marijabozovic@gmail.com
BOJOVIĆ MIHAILO,UL. V PROLETERSKE BRIGADE BR.41," 245-631, 069/401-003",bojovicmihailo9@gmail.com
BOJANIĆ DEJAN,UL. DALMATINSKA BR.16," 067/222-418,",bojanicdejan64@gmail.com
BOJANOVIĆ SANJA,SERDARA JOLA PILETIĆA BR.22, 067/656-067,adv.sanjabojanovic@gmail.com
BOJIĆ S. VLADAN,UL. SVETLANE KANE RADEVIĆ BR.3/7 (P.C. EUROPOINT)," 247-711, 247-712, 247-713, fax. 224-111, 067/237-771",sekvenca@t-com.me
BOJIĆ VLADIMIR,"UL. PIPERSKA »CITY KEJ« LAMELA 5, I/2"," 245-631, 068/014-074",vlado@lawyer.com
BOJIĆ KATARINA,UL. SVETLANE KANE RADEVIĆ BR.3 (P.C. EUROPOINT)," 247-711, 067/202-090,",katarinabojic9@gmail.com
BOJIĆ SANDRA,"UL. KARAĐORĐEVA BR.15, ULAZ A, I SPRAT"," 067/813-781,",sandra_vucinic@hotmail.com
BOJADŽIĆ EMIR,BULEVAR PERA ĆETKOVIĆA 305," 672-534, 067/414-341,",bojadzicemir@gmail.com
BOLJEVIĆ FILIP,"19.DECEMBRA BB, JUŽNA TRIBINA GRADSKOG STADIONA"," 069/203-443,",filipboljevic792@gmail.com
BORIČIĆ DRAGIŠA,UL. 13.JULA BR.3," 069/499-993, 068/014-370",boricicdragisa@gmail.com
BORIČIĆ MARKO,UL. SERDARA JOLA PILETIĆA 8/6, 067/884-886,marko.boricic@velimirovic.me
BOŠKOVIĆ MIRKO,UL. MARKA RADOVIĆA 47," 202-616, 069/912-942",mirko.b@t-com.me
BOŠKOVIĆ NIKOLA,UL. VASA RAIČKOVIĆA BR.2A, 069/470-464,nikboskovic@hotmail.com
BOS NJAK BOJANA,"MOSKOVSKA BR.111, ZGRADA »MAXIM«, I-34","fax. 510-707,  067/333-526",adv.bojanabosnjak@gmail.com
BRAJOVIĆ ANTONIO,UL. OKTOBARSKE REVOLUCIJE BR.120," 634-878,  069/367-210, 067/588-323",antoniobrajovic@yahoo.com
BRAJKOVIĆ JELENA,"UL. CETINJSKA 11, THE CAPITAL PLAZA", 067/725-231,jelenabrajkovicmne@gmail.com
BRAJKOVIĆ VELJO,UL. 13. JULA BR.7/II," 067/610-811,",adv.vbrajkovic@gmail.com
BRALETIĆ G. ŽELJKO,UL. 13. JULA BR. 5,.238 499; 069 015 825,braletic@t-com.me
BRNOVIĆ  M. IGOR,UL. SVETOZARA MARKOVIĆA 9," 224-198, 213-360, 069/073-360",advbrnovic@t-com.me
BRNOVIĆ MILENA,UL. 13.JULA BR. 2/6, 069/920-282,adv.milenabrnovic@gmail.com
BROĆIĆ-NIKIĆ JELENA,UL. NJEGOS EVA BR.7/II," 675-506, 069/058-698",advjela@t-com.me
BUJIŠIĆ MARIJA,SVETOZARA MARKOVIĆA BR.52, 067/168-892,marija@vukoticbujisic.me
BUJKOVIĆ ALEKSANDRA,BULEVAR DŽORDŽA VAŠINGTONA 98, 069/262-093,aleksandra.bujkovic@gmail.com
BULATOVIĆ BRANKO,"UL. SERDARA JOLA PILETIĆA B.B. - ZGRADA ZETAGRADNJA, LAMELA B"," 220-103, 067/284-320",brankobulatovic@t-com.me
BULATOVIĆ V. VOJKA,UL. HERCEGOVAČKA  BR.10," 652-431, 069/055-417",advkancvojka@t-com.me
BULATOVIĆ DANIJELA,UL. SERDARA JOLA PILETIĆA BR.7, 067/399-320,danijela.bulatovic@advokat.co.me
BULATOVIĆ MATIJA,UL. KARAĐORĐEVA BR.15, 067/512-777,bulatovic.adv@gmail.com
BULATOVIĆ NIKOLA,UL. MALO BRDO L2/3, 227-320; 067/568-145,nbulatovic@gmail.com
BULATOVIĆ MR SANDRA  UL. VUKA  KARADŽIĆA 4/IV,," 231-048, 078/105-012, 067/413-101, ",
BULIĆ ESAD  UL. BRATSTVA I JEDINSTVA 15/II,," 623-291, 067/275-543, ",
BURZANOVIĆ DANIJEL,UL. SVETOZARA MARKOVIĆA 15," 244-516, 063/415-248",adv.burzanovic@t-com.me
BURZANOVIĆ LIDIJA,UL. SVETOZARA MARKOVIĆA 15," 244-516, 067/513-472",advburzanovic@t-com.me
VELIMIROVIĆ GORAN,UL. JOLA PILETIĆA BB," 245-630, fax.244-985, 069/020-314",lawoffice.velimirovic@t-com.me
VELIMIROVIĆ DUŠKA,BULEVAR DŽORDŽA VAŠINGTONA BR.108/A36, 067/236-901,velimirovicduska@gmail.com
VELIMIROVIĆ MAJA,UL. DŽORDŽA VAŠINGTONA 108/A36, 067/236-645,maja.velimirovic@radonjic-associates.com
VELIMIROVIĆ JASNA,SERDARA JOLA PILETIĆA 8., 068/417-768,jasna.velimirovic@velimirovic.me
VELIMIROVIĆ MILAN,UL. JOLA PILETIĆA 8/6, 067/452-126,office@velimirovic.me
VELJOVIĆ LUKA,"BAKU BR. 140, I SPRAT", 068/737-687,veljovic.l95@gmail.com
VOJINOVIĆ DRAGANA,UL. MOSKOVSKA 16," 069/957-479, 067/525-290",
VOJINOVIĆ ALEKSANDAR,"BULEVAR SVETOG PETRA CETINJSKOG 130, KULA »NCO«, VII SPRAT"," 510-506, 228-563, 228-564, fax. 510-507,  067/600-511",av@prelevic.com
VOJINOVIĆ MIROLJUB,VOJVODE ILIJE PLAMENCA BB," 324-333,  068/077-309,",office@vojinovic.me
VOJINOVIĆ NATAŠA,"CITY KVART, ZGRADA ""ČELEBIĆ"", LAMELA II, 28"," 512-084, 069/509-255",natasavojinovic@t-com.me
VOJINOVIĆ RAJKO,UL. UL. HERCEGOVAČKA BR.72, 067/812-863,jagoce1961@gmail.com
VOLKOV MIHAILO,TRG BOŽANE VUČINIĆ BR.34," 067/255-211,",mnevolkov@gmail.com
VRATNICA DRAGANA,UL. TRG NEZAVISNOSTI BR.13," 665-704, 067 326 329",draganavratnica@yahoo.com
VRATNICA  - DRAGAS  VESELINKA,UL. SERDARA JOLA PILETIĆA BR.5,". 228-257,069/489-829 ,",adv.v.vratnica@t-com.me
VUJANOVIĆ DANILO,UL. OKTOBARSKE REVOLUCIJE BR.42," 067/162-595,",danilo.vujanovic@outlook.com
VUJAČIĆ Đ. SAŠA,UL. BULEVAR IVANA CRNOJEVIĆA 56/2," 229-730, fax. 229-725; 069/021-543",info@lawoffice-vujacic.com
VUJAČIĆ VLADAN,UL. SERDARA JOLA PILETIĆA BR.3, 069/558-308,adv.vladanvujacic@gmail.com
VUJISIĆ GORICA,UL. SERDARA JOLA PILETIĆA 6/31," 069/016-523, 067/273-473",vgorica@t-com.me
VUJISIĆ JELENA,BULEVAR IVANA CRNOJEVIĆA 56/2," 229-725, fax.229-726, 067/664-774",jelena.vujisic@lawoffice-vujacic.com
VUJOVIĆ BOJAN,UL. HERCEGOVAČKA BR.13," 238-991, 067/224-880",bojan.vujovic@lawoffice-vujovic.me
VUJOVIĆ BORIS,UL. IVANA MILUTINOVIĆA BR.7," 656-055, 067/864-178",borisvujovic3@gmail.com
VUJOVIĆ DRAGANA,BULEVAR SAVE KOVAČEVIĆA 17/77," 633-730, 067/376-386",advujovic@gmail.com
VUJOVIĆ MILAN,LAMELA 2A-5," 656-356, 067/566-156",adv.vujovic@yahoo.com
VUKADINOVIĆ DIVNA,UL. MARKA MILJANOVA BR.58, 069/643-220,divna.vukadinovic@gmail.com
VUKADINOVIĆ IGOR,UL. HERCEGOVAČKA BR.13," 067/352-333, 069/720-281",vukadinovic.i@t-com.me
VUKAŠINOVIĆ VLADIMIR,SKOPSKA BR.70,"069/542-047,",budjenjerano@t-com.me
VUKAŠINOVIĆ TAMARA,"BULEVAR DŽORDŽA VAŠINGTONA 49, STAN 6","067/620-493,",adv.tamaravukasinovic@gmail.com
VUKELJIĆ SLOBODAN,UL. VIJENAC KOSOVSKIH JUNAKA BR.3, 069/821-174,
VUKIĆEVIĆ ZORAN,UL. VUČEDOLSKA BR.7, 067/272-832,zoranadv@t-com.me
VUKMIROVIĆ-MIŠIĆ LANA,S EIKA ZAIDA BR.2, 067/546-696,lana@lvmlawfirm.com
VUKOVIĆ BOJAN,UL. JOVANA TOMAŠEVIĆA BR.21," 238-566, 069/421-668",bojan.vukovic.adv@gmail.com
VUKOVIĆ VLADO,UL. SLOBODE 16,": 241-920, 231-085,  231-096;   069/022-026",vlado.vukovic@jmv.co.me
VUKOVIĆ JOVANKA,"MALO BRDO, LAMELA 2"," 227-537, 067/289-469, 063/284-582",
VUKOVIĆ SMILJANA,UL. HERCEGOVAČKA 13," 664-192, 664-193, 069/071-122",vukovicsmiljana@yahoo.com
VUKOVIĆ SNEŽANA,"DONJA GORICA, DONJI KOKOTI BB", 067/414-242,advvukovicsnezana@gmail.com
VUKOVIĆ M. SRĐAN,UL. SVETOZARA MARKOVIĆA 52A," 238-305, 068/616-444",smvadvokati@gmail.com
VUKOVIĆ FILIP,"CETINJSKA BR.11, THE CAPITAL PLAZA, IV SPRAT", 067/604-360,vukovic.filip@outlook.com
VUKOTIĆ PETAR,UL. NOVAKA MILOS EVA 37/2," 620-622, 633-958, 069/056-851",adv.vuk-dur@t-com.me
VUKOTIĆ SAŠA,"CITY KVART, UL. RADOJA DAKIĆA BB, LAMELA D, STAN BR.57", 067/210-669,sasa@vukoticbujisic.me
VUKSANOVIĆ BILJANA,TRG NEZAVISNOSTI BR.1, 067/206-218,biljana.vuksanovic@velimirovic.me
VUKSANOVIĆ TIJANA,BULEVAR SVETOG PETRA CETINJSKOG 130/VII, 067/226-008,adv.tijana.s@gmail.com
VUKSANOVIĆ MILOS,"BULEVAR SVETOG PETRA CETINJSKOG 11, I SPRAT, STAN BR.10", 068/555-545,milosvuksanovic@yahoo.com
VUKČEVIĆ ANA,UL. BAKU BR.140 I SPRAT, 069/156-947,vukcevic.ana.fr@gmail.com
VUKČEVIĆ BRANIMIR,UL. JANKA ĐONOVIĆA BR.46, 069/615-216,vukcevic.branimir@gmail.com
VUKČEVIĆ DANKA,UL. ARHONTA PETRA BB," 068/208-002,",dankakonatar@gmail.com
VUKČEVIĆ ZORAN,UL. SLOBODE 10," 231-073, 231-061",
VUKČEVIĆ MILOS,"UL. VOJVODE MAŠA ĐUROVIĆA, LAMELA 01, CITY KVART", 067/601-432,vukcevicmilos@t-com.me
VUKČEVIĆ NIKOLA,MOSKOVSKA BR.60, 067/471-376,nikolavrlegal@gmail.com
VUKČEVIĆ NIKOLA  UL. HERCEGOVAČKA BR.10,," 067/471-376, ",
VULEKOVIĆ DANILO,MOSKOVSKA 169," 067/599-998,",danilovulekovic@gmail.com
VULEKOVIĆ MARIJA,UL. HERCEGOVAČKA BR.85," 266-094, 069/573-151",marija90vulekovic@jgmail.com
VUČELIĆ - RADUNOVIĆ VERA,"CETINJSKA 11, CAPITAL PLAZA, IV SPRAT", 067/262-772,vera@vrlegal.me
VUČETIĆ SLAĐANA,"BULEVAR SAVE KOVAČEVIĆA BR.50, STAN BR.6"," 068/898-219, 067/488-812",sladja.vucetic@yahoo.com
VUČINIĆ MIRJANA,UL. NJEGOS EVA 9," 665-464, 067/660-642",mvucinic@t-com.me
VUČINIĆ PETAR,"UL. BAKU BR.140, I SPRAT"," 069/896-289,",petar.vucinic996@gmail.com
VUČIĆEVIĆ mr MATIJA,MARKA MILJANOVA BR.27," 337-465, 067/505-039",matija.vucicevic@anadjukanovic.com
VUČKOVIĆ ANA,BULEVAR SVETOG PETRA CETINJSKOG 86," 069/100-250,",anna_vuckovic@yahoo.com
VUČKOVIĆ ANĐELA,"CETINJSKI PUT BR.11, THE CAPITAL PLAZA IV", 067/128-238,andjela.v@hotmail.com
VUČKOVIĆ SNEŽANA,UL. SVETOZARA MARKOVIĆA 33, 067/626-160,snezana.vuckovic@gmail.com
VLAOVIĆ BORISAV,BULEVAR S. KOVAČEVIĆA 68/II," 634-236, 069/072-153",adv.b.vlaovic@t-com.me
VLAHOVIĆ ADRIJANA,"UL. MOSKOVSKA BR.111, ZGRADA »MAXIM«, I-34", 067/434-879,adv.vlahovic@yahoo.com
VLAHOVIĆ MARINA,UL. VUKA KARADŽIĆA BR. 9," 068/479-471,",vlahovicmarina@yahoo.com
GAZIVODA SINIS A,UL. VASA RAIČKOVIĆA 4A," 653-413, 069/124-539",office@advokatgazivoda.me
GAJEVIĆ ANĐELA,BULEVAR SVETOG PETRA CETINJSKOG BR.34, 067/830-710,andjela.gajevic@hblegal.me
GANJOLA HAMID,"UL. AVDA MEĐEDOVIĆA 29, STARI AERODROM", 067/664-010,hamidg@t-com.me
GLIGOROVIĆ RADOSAV,"CETINJSKI PUT, LAMELA 1/4 BR.2, CITY KVART"," 260-819, 067/217-783",radosav.gligorovic@gmail.com
DOC. DR GOLUBOVIĆ VUKOMAN,UL. SVETOZARA MARKOVIĆA BR.52," 674-038, 067/500-922",vukoman.golubovic@gmail.com
GOLUBOVIĆ NEBOJŠA,UL. SVETOZARA MARKOVIĆA BR.52," 674-038, 067/550-530",gnebojsa.cg@hotmail.com
GORANOVIĆ V. SENKA,UL. KARAĐORĐEVA 11, 664-897; 069/071-040,velibor@t-com.me
GRDINIĆ  JELENA,TRG NEZAVISNOSTI 21/I," 221-305, 067/440-003,",jelena.raonic@lzm.lawoffice.me
GRGUREVIĆ VASILIJE,"UL. BAKU 140, I SPRAT"," 228-137, 067/548-014,",vasilije.grgurevic@gmail.com
GRUBAČ MARIJA,BULEVAR SVETOG PETRA CETINJSKOG BR.62, 069/974-974,marija.grubac7@gmail.com
GUBERINIĆ BOJANA,TRG BOŽANE VUČINIĆ BR.45," 069/564-573,",vujosevicbojana@gmail.com
GUBERINIĆ NENAD,TRG BOŽANE VUČINIĆ BR.45, 069/898-768,nenadguberinic@gmail.com
DABOVIĆ TAMARA,UL. SLOBODE 16," 672-671, 672-672, 672-674, 672-675, 069/952-669,",tamara.dabovic@jmv.co.me
DABOVIĆ TEODORA,BULEVAR SVETOG PETRA CETINJSKOG 130/VII, 069/651-072,teodora.dabovic@gmail.com
DAKIĆ ANDRIJA,"UL. MOSKOVSKA 169, ULAZ L7", 069/187-287,adv.andrijadakic@gmail.com
DAKIĆ M. MARKO,UL. VUKA KARADŽIĆA 4," 225-223, 248-211, 069/083-555",
DAMJANOVIĆ STEVAN,UL. MOSKOVSKA 25," 234-167, 069/029-256",adv.damjanovic@live.com
DAMJANOVIĆ MILOS,UL. MILOŠA OBILIĆA 46, 069/492-959,milos.damjanovic@live.com
DAMJANOVIĆ MARKO,UL. MOSKOVSKA 25, 067/676-769,masha-damjanovic@yahoo.com
DARMANOVIĆ ILIJA,UL. OKTOBARSKE REVOLUCIJE BR.102," 624-125, 067/264-001, 067/067-003",advilijadarmanovic@gmail.com
DEVIĆ RADMILA,UL. BLAŽA JOVANOVIĆA 7," 266-144, 069/236-899",
DEDIĆ DIJANA,"ANKARSKI BULEVAR BR.16, I SPRAT", 069/896-808,dijanadedic@yahoo.com
DEDIĆ LARA,UL. TRG NEZAVISNOSTI 1, 067/501-183,lara.dedic@t-com.me
DEDEIĆ TATJANA,"MOSKOVSKA 13, III/23.",".205-541, 069/202-101,",tatjana.dedeic@hotmail.com
DEDIĆ Š. TOMISLAV,UL. 19. DECEMBRA BR.40,". 664-325, 069/013-569",
DELAGIĆ MESUD,8. MARTA BR.55, 067/025-333,mdelagic@gmail.com
DELEVIĆ D. OBRAD,UL. 13. JULA BR. 3, 067/845-777,adv.delevic@yahoo.com
DESPOTOVIĆ IVAN,UL. VASA RAIČKOVIĆA BR.6,". 238-410, 238-455, 063/200-333",kancelarijadespotovic@gmail.com
DOBROVIĆ ČEDO,"CETINJSKI PUT I-II, ZGRADA »NORMAL« 26"," 234-913, 067/872-191",advokatdobrovic@t-com.me
DRAGIĆ SAVA,UL. KRAGUJEVAČKA BR.5, 068/079-997,advokat.savadragic@gmail.com
DRAGOVIĆ BALŠA,UL. VASA RAIČKOVIĆA 20/III, 068/009-004,bakaadvokat@t-com.me
DRAGOVIĆ DARKO,UL. SERDARA JOLA PILETIĆA BR.2/3 (ZGRADA »ČELEBIĆ«), 069/524-003,darko@andjelic-dragovic.com
DRAGOVIĆ DEJAN,SLOBODE BR.45, 068/106-333,dragovicdejo@gmail.com
DRAKULOVIĆ MAJA,UL. SLOBODE 16," 241-920, 231-085, 231-096, 067/331-362",maja.drakulovic@jmv.me
DRAKULOVIĆ MILICA,UL. VASA RAIČKOVIĆA BR.20/II, 068/040-235,Email: millica@t-com.me
DRAKULOVIĆ RADONJA,UL. VASA RAIČKOVIĆA 20/II, 068/001-235,adv.radonja@gmail.com
DRAŠKOVIĆ ZORICA,UL. MOSKOVSKA 153/I,". 237-738, 069/016-651, 067/616-651",adv.z.draskovic@gmail.com
DRAŠKOVIĆ - VOJVODIĆ JELKA,"MILUTINA VUČINIĆA BR.51, ULAZ III, STAN BR.84", 067/308-702,vojvodic.jelka@gmail.com
DROBNJAK BRANKA,VASA RAIČKOVIĆA 4B," 067/040-700,",branka.rajkovic@gmail.com
DUBAK MLADEN,MOSKOVSKA 48, 067/911-119,mladen.dubak@t-com.me
DUJOVIĆ RADULOVIĆ VALENTINA,UL. S PIRA MUGOS E BR., 067/601-836,adv.valentinadujovic@hotmail.com
DARMANOVIĆ BUDIMIR  UL. VASA RAIČKOVIĆA 14,,". 238-350, 069/066-163, ",
DURKOVIĆ IVANA  UL. 13. JULA BR.3,," 067/206-225, ",
DURUTOVIĆ BRANISLAV,UL. MOSKOVSKA BB,". 510-072, 069/025-065",
DURUTOVIĆ TAMARA,TRG NEZAVISNOSTI BR.1," 664-461, 675-337, 069/015-960",advokati@aod.co.me
ĐEDOVIĆ MILICA,"SERDARA JOLA PILETIĆA, ZETAGRADNJA, LAMELA C", 067/582-728,adv.mdjedovic@gmail.com
ĐELEVIĆ NATAŠA,BULEVAR SAVE KOVAČEVIĆA BR.60, 067/800-208,advokatnatasadjelevic@gmail.com
ĐEČEVIĆ MESUDA,MARKA RADOVIĆA BR.16," 067/826-623,",mesudadjecevic@gmail.com
ĐOLEVIĆ LJILJANA,UL. SLOBODE BR.21/II," 664-355, 069/027-660",adv.djolevic@gmail.com
ĐOLEVIĆ PREDRAG,UL. SLOBODE BR.21/II," 664-355, 069/030-011",adv.djolevic@gmail.com
ĐONOVIĆ - VUKOTIĆ JELENA,"CETINJSKI PUT BB, ZGRADA OAZA, SPRAT III, APARTMAN 17"," 331-653, 068/688-851",jelenadjonovic@yahoo.com
ĐUKANOVIĆ ANA,BULEVAR SVETOG PETRA CETINJSKOG I/3," 205-420, 069/016-763",anakol@t-com.me
ĐUKANOVIĆ ANDRIJA  UL. MOSKOVSKA BR.169,," 067/413-439, ",
ÐUKANOVIĆ V. BORIVOJE,"BULEVAR IVANA CRNOJEVIĆA BR.54/2, S5"," 2264-079, 067/888-200, 068/222-021,  067/379-350",advokatdjukanovic@yahoo.com
ĐUKANOVIĆ DRAGOLJUB,UL. MOSKOVSKA 169,". 510-072, 067/615-155",adv.djukanovic@t-com.me
ĐUKANOVIĆ ZORICA,"UL. MOSKOVSKA 13, III/23", 069/027-767,ak-zorica.djukanovic@t-com.m
ĐUKANOVIĆ MARIJA,UL. MOSKOVSKA 169," 510-072, 067/479-376,",marija@djukanovic.me
ĐUKANOVIĆ PETAR,UL. UL.MOSKOVSKA 169,". 510-072, 067/413-080",adv.petardjukanovic@gmail.com
ĐUKANOVIĆ ŽELJKO,"BULEVAR IVANA CRNOJEVIĆA BR.54/2, S5", 067/888-200,advokatdjukanovic@gmail.com
ĐUKIĆ MIOMIR,VLADIKE VISARIONA BORILOVIĆA BR.10 STAN 6 (MASTER QUART), 067/829-706,miomir.djukic@advokatura.me
ĐURANOVIĆ MILJA,BULEVAR SVETOG PETRA CETINJSKOG BR.149, 063/220-031,milja.djuranovic@anadjukanovic.com
ĐURANOVIĆ VLADAN,"BULEVAR SV. PETRA CETINJSKOG  104, ST.14"," 512-141, 069/316-849",vladandj@t-com.me
ĐURĐIĆ JANKO,BULEVAR SV. PETRA CETINJSKOG 114/I," 228-360, 067/583-700",gaucus@gmail.com
ĐURIĆ JELENA,"BULEVAR DŽORDŽA VAŠINGTONA 108/A, II SPRAT"," 069/824-234,",jelena.djuric@radonjic-associates.com
ÐURIŠIĆ SLOBODAN,PAVLA MIJOVIĆA BB - DONJA GORICA, 069/065-661,advdjurisic@t-com.me
ĐURIŠIĆ M. SLOBODAN,UL. VASA RAIČKOVIĆA 43/4," 641-272, 069/452-204",slobodandjurisic.adv@gmail.com
ĐURIŠIĆ ALEKSANDAR,POSLOVNI CENTAR KRUS EVAC," 244-258, 068/055-036",acodj@t-com.me
ĐURKOVIĆ VLADIMIR,BUL.SVETOG PETRA CETINJSKOG BR.119, 067/573-137,adv.djurkovic@gmail.com
ĐUROVIĆ Z. SANJA,UL. JOVANA TOMAŠEVIĆA 1," 245-559, 069/330-806",adv.sanjadjurovic@t-com.me
ŽARIĆ SRĐAN,UL. SLOBODE BR. 26.," 230-652, 069/312-751,",adv.s.zaric@gmail.com
ŽARKOVIĆ SONJA,BULEVAR DŽORDŽA VAŠINGTONA 66," 067/821-641,",sodra@t-com.me
ŽIVKOVIĆ DANILO,UL. BRACANA BRACANOVIĆA BR.28," 067/820-611,",danilo.zivkovic@t-com.me
ŽIVKOVIĆ MARIJA,S EIKA ZAIDA BR.2,".221-305, 067/530-352,",marija.zivkovic@lzm-lawoffice.me
ŽIŽIĆ STEFAN,UL. HERCEGOVAČKA 60," 069/235-420,",advstefanzizic@gmail.com
ŽIVKOVIĆ MAJA,UL. SERDARA JOLA PILETIĆA 1/G," 223-499, 068/253-390,",advmajazivkovic@gmail.com
ŽIVKOVIĆ TIJANA,"BUL. SERDARA JOLA PILETIĆA BR. 18, 9/2"," 069/868-054,",zivkovic@law-office.me
ZVICER BORIS,"UL. SLOVAČKA BB, STAN BR.11"," 069/570-870,",bzvicer@gmail.com
ZEKOVIĆ DŽUDOVIĆ ANA,BULEVAR SVETOG PETRA CETINJSKOG 130/VII," 067/423-429,",ana_zekovic@yahoo.com
ZIDAR NAĐA,"19. DECEMBRA BR.14, I SPRAT"," 067/829-499,",nadjazidar@yahoo.com
ZEKOVIĆ MAJA,"UL. MILA RADUNOVIĆA B3, SPRAT VI, STAN BR.38"," 510-052, 067/555-550,",majaraicevic8@gmail.com
ZENOVIĆ PEĐA,UL. ĐOKA MIRAŠEVIĆA BR.41," 069/079-960,",pedja.z@t-com.me
ZVEROTIĆ EDVIN,VAKA ĐUROVIĆA 80/I," 069/402-207,",edvin@zveroticlaw.me
ZEČEVIĆ DEJAN,MARKA RADOVIĆA 47," 067/565/880,",advdejan.zec@gmail.com
IVANOVIĆ ALEKSANDRA,BULEVAR IVANA CRNOJEVIĆA 54/1, 069/120-444,alex.i@t-com.me
IVANOVIĆ ANA,UL. BAKU 140 (PRVI SPRAT)," 205-420, 067/237-008",a.ivanowic@gmail.com
IVANOVIĆ  VUKČEVIĆ ANJA,"BULEVAR DŽORDŽA VAŠINGTONA BR.49, STAN 6",". 653-930, 067/514-397",anja.ivanovic@advokat.co.me
IVANOVIĆ Ž. ANJA,ULCINJSKA BR.3/2, 067/415-498,adv.anjaivanowic@gmail.com
IVANOVIĆ IGOR,UL. SERDARA JOLA PILETIĆA 6," 201-265, fax. 201-266, 067/812-612",i.igor@t-com.me
IVANOVIĆ KAŽIĆ MARIJA,BULEVAR SVETOG PETRA CETINJSKOG 130/7, 069/589-512,ivanovickazic.marija@yahoo.com
IVANOVIĆ KATARINA,"DŽORDŽA VAŠINGTONA 108/A36, II SPRAT, THE CAPITAL PLAZA"," 620-312, fax.620-313, 067/853-624,",katarina.ivanovic@radonjic-associates.com
IVANOVIĆ MARKO,UL. SLOBODE BR.45," 664-742, 069/344-207",advmarkoivanovic@yahoo.com
IVANOVIĆ MILORAD,UL. VASA RAIČKOVIĆA BR.53, 067/624-989,advokatmivanovic@gmail.com
IVANOVIĆ NIKOLA,"BULEVAR SVETOG PETRA CETINJSKOG 11, I SPRAT, STAN BR.10", 067-691-888,adv.ivanovic@yahoo.com
IVANOVIĆ M. NIKOLA,UL. CRNOGORSKIH SERDARA 21," 067/303-404,",nikola.ivanovic.legal@gmail.com
IVANOVIĆ TANJA,DOLJANI BB," 067/289-480, 069/551-610",tanja_ivanovic@live.com
IVKOVIĆ MARKO,"BULEVAR SVETOG PETRA CETINJSKOG BR.130, ZGRADA »NCO«, VII SPRAT", 067/526-536,ivkovicmarko@yahoo.com
IVOVIĆ NEDA,UL. JOSIPA BROZA BR.45, 068/242-526,nivovic@yahoo.com
ILINČIĆ JELENA,UL. JOVANA TOMAŠEVIĆA BR.9, 067/600-515,advilincic@t-com.me
JANJEVIĆ MILORAD,UL. KARAĐORĐEVA BR. 5,".664-072, 069/825-005",miloradjanjevic@t-com.me
JANJEVIĆ MLADEN,UL. KARAĐORĐEVA BR. 5, 068/855-771,mladen.janjevic@janjevicattorney.com
JANJEVIĆ SVETLANA,UL. KARAĐORĐEVA BR.5," 068/855-773,",svetlana.janjevic@janjevicattorney.com
JANKOVIĆ VLADIMIR,UL. 27.MARTA BR.43U," 069/407-008,",vladimirj@t-com.me
JANKOVIĆ NEMANJA,UL. 4.JULA BR.111/3, 068/513-278,adv.nemanjajankovic@gmail.com
JANKOVIĆ SRĐAN,"UL. MARKA RADOVIĆA 47, CENTRAL POINT", 069/500-001,adv.srdjanjankovic@yahoo.com
JANKOVIĆ DUBAK MILICA,BULEVAR DŽORDŽA VAŠINGTONA 108 A/36, 068/573-565,jankovicmilica@yahoo.com
JAREDIĆ VUK,"ZAGORIČ A-6, IV/IV", 069/221-102,vuk.jaredic@gmail.com
JASAVIĆ AZRA,LJUBOVIĆ 28," 069/057-199, fax. 681-146",jasavicazra@gmail.com
JASNIĆ SAVO,BULEVAR SVETOG PETRA CETINJSKOG 130/VII, 069/339-806,jasnicsavo.pg@gmail.com
JELIĆ ANA,UL. SLOBODE 60, 067/607-196,ana.jelic@advokat.co.me
JOVANOVIĆ IVANA,"UL. GAVRA VUKOVIĆA BB, MALO BRDO - VILA 1, ULAZ 2, STAN 4"," 067/309-385,",ivana.jovanovic@iuris.me
JOVANOVIĆ MILA,"ANKARSKI BULEVAR BR.16, I SPRAT"," 067/853-914,",mila.jovanovic@klo.co.me
JOVANOVIĆ NIKOLA,UL. 13.JULA BR.5, 069/594-597,advokatnikola87@gmail.com
JOVANOVIĆ RANKA,UL. SARAJEVSKA BR.2," 651-067, 069/353-382",rankajovanovic@yahoo.com
JOVANOVIĆ STEFAN,UL. MOSKOVSKA BR.169, 067/289-984,stefan.jovanovic@advokat.co.me
JOVETIĆ ZORAN,UL. VELIS E MUGOS E I/9," 272-990, 069/059-059",z.jovetic@t-com.me
JOVIĆ MILJAN,MOSKOVSKA BR.60, 067/803-144,jovi.miljan15@gmail.com
JOVIĆ SNEŽANA,"UL. KARAĐORĐEVA BR.2, SPRAT II, STAN 9"," 069/065-145, 068/835-537",advokat.jovicsnezana@yahoo.com
JOVIĆ STEFAN,"BULEVAR SERDARA JOLA PILETIĆA BE.18, 9/2"," 332-942, 067/407-401",stefan.jovic@law-office.me
JOVIĆEVIĆ BOJANA,UL. SVETLANE KANE RADOVIĆ BR.3, 067/801-898,bojana.vukanovic@gmail.com
JOVIĆEVIĆ MAJA,UL. VASA RAIČKOVIĆA 4B, 069/625-324,m.jovicevic@karadziclawfirm.com
JOVIĆEVIĆ NINA,BULEVAR REVOLUCIJE 2A, 069/630-060,nina.jovicevic@yahoo.com
JOVOVIĆ M. DUŠAN,UL. BRATSTVA I JEDINSTVA BLOK 7 ZGRADA KRSTARICE, 063/202-561,jovovic.dusan86@gmail.com
JOVOVIĆ LJUBICA,UL. VUČEDOLSKA 1, 664-172; 069/078-283,
JOVOVIĆ N. NOVICA,UL. SLOBODE 16,  069/012-493,novica.jovovic@jmv.co.me
JOVOVIĆ J. FILIP,UL. JOLA PILETIĆA BR.7  - MOMIS IĆI, 067/406-460,filip.j.jovovic@gmail.com
JOVOVIĆ N. FILIP,UL. SLOBODE 16,". 241-920, 231-085, 231-096, 069/501-630",filip.jovovic@jmv.co.me
JOKIĆ ILIJA,"MASTER KVART, LAMELA A 1, STAN BR.8", 069/654-027,adv.ilijajokic@gmail.com
JOKSIMOVIĆ MIOMIR,"VAKA ĐUROVIĆA BB - I, SJEVERNA TRIBINA GRADSKOG STADIONA","067/391-722, 068/881-972",miomir.joksimovic@advokatura.me
JOCOVIĆ V. STOJAN  UL. SVETOZARA MARKOVIĆA 10,,". 244-791; 069/019-772, ",
JOČIĆ ŽELJKO,BULEVAR SV. PETRA CETINJSKOG 114/I," 228-330, fax.229-555, 067/622-501",
JOČIĆ SANDRA,BULEVAR IVANA CRNOJEVIĆA 54/1, 067/547-250,sandraj0612@yahoo.com
JONČIĆ IVANA,"PIPERSKA BB, CITY KEJ, LAMELA 2/I-1"," 512-629, 067/241-094",ivaknezev@yahoo.com
JUSIĆ JASNA,"MILOŠA OBILIĆA BR.18/7, STAN BR.12, POŠTANSKI FAH BR.90"," 226-480, 226-481, fax.621-320 067/568-178",jasna.jusic@t-com.me
KAVARIĆ DALIBOR,UL. SLOBODE BR.45, 069/408-974,dacok@t-com.me
KAVARIĆ SLAĐANA,BULEVAR DŽORDŽA VAŠINGTONA BR.45," 228-271, 067/234-820",advsladjana@t-com.me
KADOVIĆ MILICA,UL. ÐEČEVIĆA 7," 067/080-671,",advdjorojevic@yahoo.com
KAŽIĆ LELA,UL. VASA RAIČKOVIĆA 36," 237-954, 068/677-727",lela.kazic@gmail.com
KAŽIĆ SRDAN,"BULEVAR SVETOG PETRA CETINJSKOG BR.11, I SPRAT, STAN BR.10"," 068/222-200,",srdan.kazic@outlook.com
KAŽIĆ FILIP,"UL. LJUBLJANSKA 16, I SPRAT", 068/555-550,filip.kazic@klo.co.me
KALEZIĆ MARIJA,"MARKA RADOVIĆA , LAMELA A-2, 5.SPRAT, STAN BR.34", 069/351-619,marija.kalezic.mne@gmail.com
KALEZIĆ SAVO,BULEVAR REVOLUCIJE 2A, 067/558-208,advkalezicmiranovic@gmail.com
KAPRIS  MARIJANA,"UL. NJEGOŠEVA 49, PC »TASIĆ-RADULOVIĆ«", 067/601-446,kaprismarijana@gmail.com
KARAĐUZOVIĆ - ĐINĐINOVIĆ ALMA,S EIKA ZAIDA BR.2, 067/632-169,alma@lvmlawfirm.com
KARADŽIĆ NATALIJA,UL. KRALJA NIKOLE BR.47, 067/851-265,nkaradzicattorney@gmail.com
KARADŽIĆ PLANA  UL. IVANA VUJOS EVIĆA 42/II,," 068/419-506, ",
KARADŽIĆ TRIPKO,UL. VASA RAIČKOVIĆA 4B, 069/010-045,tripko.karadzic@t-com.me
KASALICA JADRANKA,UL. 13. JULA BR.21," 237-378,  067/523-062",adv.jadrankak@t-com.me
Dr KASALICA MAKEDONKA,"BULEVAR SVETOG PETRA CETINJSKOG BR.104/18 (ZGRADA ""MAKSIM"")", 068/051-888,advmaki@yahoo.com
KASTRATOVIĆ M. RADOS,UL. KARAĐORĐEVA BR.4, 067/212-151,advkastratovic@t-com.me
KEKER MILAN,BULEVAR DŽORDŽA VAŠINGTONA 98, 068/676-064,milankeker@gmail.me
KEKOVIĆ PERKO,"UL. STUDENTSKA B.B., CITY KVART, LAMELA 3-5"," 223-808, 069/311-923",perko.kekovic@adv.co.me
KLIKOVAC DEJAN,UL. MARKA ĐUKANOVIĆA BR.3, 067/442-098,adv.dejank@gmail.com
KNEŽEVIĆ ĆORAC BOŽANA,UL. SERDARA JOLA PILETIĆA 5," 240-875, 067/334-941",adv.bozana@t-com.me
KNEŽEVIĆ - STOJANOVIĆ DALIBORKA,"CITY KVART 5-2, I/7"," 665-552, 069/504-620",adv.daliborka@gmail.com
KNEŽEVIĆ MILENA,BULEVAR SVETOG PETRA CETINJSKOG 130/7," 067/310-305,",milenak04@me.com
KNEŽEVIĆ MILUTIN,UL. 13.JULA BR.7/II," 238-450. 069/224-024, 067/224-021",knezevic.adv@gmail.com
KNEŽEVIĆ MILJAN,UL. CRNOGORSKIH SERDARA BR.26, 067/254-007,miljanknezevic@t-com.me
KNEŽEVIĆ MOMČILO,UL. 13. JULA BR. 7/ II," 238-450, 069/014-812",
KNEŽEVIĆ TOMICA,UL. NJEGOS EVA 11," 067/010-212, 068/055-076",tomicaknezevic.adv@gmail.com
KOVAČEVIĆ ALEKSANDAR,UL. NJEGOS EVA 11, 069/369-101,aleksandar@advokati.me
KOVAČEVIĆ ALEKSANDRA,UL. NJEGOS EVA 11, 067/828-821,aleksandrakovacevic75@gmail.com
KOVAČEVIĆ BORIS,UL. NJEGOS EVA BR.14, 067/505-212,kovacevicboris@yahoo.com
KOVAČEVIĆ DRAGAN,UL. JOVANA TOMAŠEVIĆA BR.35," 238-578, fax.237-456, 067/320-681",dkovacevic.adv@gmail.com
KOVAČEVIĆ MILAN,"UL. DŽORDŽA VAŠINGTONA 49, STAN BR. 6", 067/422-224,adv.milankovacevic@gmail.com
KOVAČEVIĆ SPASOJE,OKTOBARSKE REVOLUCIJE BR.121, 069/313-626,spasojekovacevic.adv@gmail.com
KOJIĆ IVANA,BULEVAR SVETOG PETRA CETINJSKOG BR.106, 069/055-210,i.kojic@yahoo.com
KOJIĆ SANIDA,UL. NOVAKA MILOS EVA BR.37/II," 664-461, 067/471-437",advokati@aod.co.me
KOMAR MILICA,S EIKA ZAIDA BR.2," 067/798-627, ",
KOMATINA VELIBOR,"MALO BRDO, L3, ULAZ II, BR.22", 069/810-001,adv.veliborkomatina@gmail.com
KOMNENIĆ ANJA,BULEVAR SVETOG PETRA CETINJSKOG 130/VII, 067/503-758,anja.abramovic@yahoo.com
KOMNENIĆ MILOS,"UL. LJUBLJANSKA 16, I SPRAT", 067/227-078,milos.komnenic@klo.co.me
KORAĆ BOJAN,UL. JOVANA TOMAŠEVIĆA BR.9, 067/422-332,korac@t-com.me
KORAĆ KSENIJA,"PIPERSKA ULICA, CITY KEJ, LAMELA 2"," 067/204-052,",ksenijaa.korac@gmail.com
KOSOVIĆ MILJAN,BULEVAR SV. PETRA CETINJSKOG 54/I, 067/132-380,miljan.kosovic86@gmail.com
KOSTIĆ LJUBOMIR,UL. SVETOZARA MARKOVIĆA 33," 238-157, 067/062-146",kostic.adv@gmail.com
KOTLAJA DESANKA,"ANKARSKI BULEVAR 16, I SPRAT"," 068/417-989,",desanka.kotlaja@klo.co.me
KRALJEVIĆ ANJA,TRG NEZAVISNOSTI BR.1," 664-461, 675-337, 067/643-773",advokati@aod.co.me
KRAJNOVIĆ NADA,UL. RADOSAVA BURIĆA L5/15, 067/611-113,adv.nadakrajnovic@gmail.com
KRUŠIĆ LUKA,POSLOVNI CENTAR  »KRUS EVAC«," 069/815-615,",luka.krusic@yahoo.com
KRASIĆ PREDRAG,UL. SLOBODE BR.27," 068/455-460, 068/087-520",advkrasic@gmail.com
KRPOVIĆ JUGOSLAV,MALO BRDO N3/N4-VII-75," 227-439, 067/535-333",jugo73@t-com.me
KUZMANOVIĆ IGOR,UL. VASA RAIČKOVIĆA 4A," 068/511-411,",Igorkuzmanovic33@gmail.com
KUZMANOVIĆ ĐORĐE,SVETOZARA MARKOVIĆA 42, 067/360-312,djordje.kuzmanovic@plk-advokati.me
KURPEJOVIĆ MUBERA,UL. JOVANA TOMAŠEVIĆA 13, 067/040-000,kurpejovic.mubera@gmail.com
KURTANOVIĆ ELMA,BULEVAR VELJKA VLAHOVIĆA BR.17, 067/277-713,elma.kurtanovic@gmail.com
LABOVIĆ MILENA,"UL. ŠEIKA ZAIDA BR.2, ZGRADA ""OAZA"", SPRAT III, APARTMAN 17"," 331-653, 067/422-922",milena.vujisic@vujisiclaw.com
LAZAREVIĆ STEFAN,UL. SVETOZARA MARKOVIĆA BR.16, 067/580-928,lazarevic.stefan@outlook.com
LAKIĆ NINA,"MILA RADUNOVIĆA B3, STAN 38, ZGRADA »ZETAGRADNJE«"," 674-380, 067/253-665",nina.lakic@gmail.com
LAKIĆ SRĐAN,BULEVAR DŽORDŽA VAŠINGTONA 3/19, 069/681-049,srdjan.lakic77@gmail.com
LAKOVIĆ - DRAŠKOVIĆ MARIJANA,"UL. MARKA RADOVIĆA, ULAZ 47, STAN 68", 067/036-000,advokatica70@gmail.com
LAKOVIĆ NIKOLA,UL. VUKA KARADŽIĆA 29," 624-263, 067/311-144",advlakovic@t-com.me
LAKOČEVIĆ BRANKA,UL. VAKA ĐUROVIĆA BR.108/B, 067/617-290,lakocevicbranka@gmail.com
LALIĆ FILIP,TRG NEZAVISNOSTI BR.21, 069/272-888,f.lalic@hotmail.com
LALIČIĆ BOŠKO,UL. SLOBODE 64,".230-098, 068/581-204",sarap_b@advokatlalicic.com
LALIĆEVIĆ DUŠKO,"BRANKA DELETIĆA BB, ZGRADA »KIPS GRADNJA«, LAMELA III, ULAZ 2, STAN BR.27"," 234-343, 069/081-210",lalicevicdule@gmail.com
LEKIĆ DAMIR,UL. NJEGOS EVA BR.5," 069/034-888, 067/097-000",advdlekic@gmail.com
LEKOVIĆ GORJANA,BULEVAR SVETOG PETRA CETINJSKOG 130/VII," 068/537-020, 067/263-565",gorjanalekovic@hotmail.com
LOMPAR SVETLANA,UL. 13. JULA BR.6/I," 238-809, 239-177, 067/443-388",advokatrodic@t-com.me
LOPIČIĆ MLADEN,"UL. MILUTINA VUČINIĆA BR.18, STAN 31", 067/485-200,mladen.lopicic@gmail.com
LUKIĆ BOGDAN,SLOBODE 16, 068/408-462,bogdan.lukic@jmv.co.me
LUKŠIĆ B. DUŠAN,TRG REPUBLIKE 21/1,". 221-305, 067/212-104",dusan@luksic.me
LUTOVAC BRANISLAV,BUL. IVANA CRNOJEVIĆA 93," 230-341, fax.230-323; 069/015-720",advlut@t-com.me
LUTOVAC VUK,BULEVAR IVANA CRNOJEVIĆA 93, 067/214-212,office@aklutovac.com
LUČIĆ ANA,"CETINJSKI PUT 11, THE CAPITAL PLAZA, IV SPRAT", 067/231-173,ana.lucic@karanovicpartners.com
LUČIĆ STEFAN,UL. SVETOZARA MARKOVIĆA 42, 067/671-449,stefan.lucic@plk-advokati.me
LJEŠKOVIĆ SRĐAN,CETINJSKI PUT BR.36, 069/211-691,adv.s.ljeskovic@gmail.com
MAVRIĆ EDITA,UL. JANKA ĐONOVIĆA BB, 068/349-637,editamavric.adv@gmail.com
MANDIĆ RADOVAN,BULEVAR SVETOG PETRA CETINJSKOG 112, 067/742-742,
MARAS  DARKO,BULEVAR SERDARA JOLA PILETIĆA 8/6," 245-631, 068/008-737",darko.maras@velimirovic.me
MARINOVIĆ BORIS,UL. MILJANA VUKOVA 9," 230-244, fax.228-438,  069/013-924",justicija@t-com.me
MARIĆ STANKO,UL. PIPERSKA 369/I," 272-060, 069/032-757",smaric@t-com.me
MARKIŠIĆ MEHMED,BULEVAR PERA ĆETKOVIĆA BR.305, 067/511-032,mecconi@yahoo.com
MARKOVIĆ BOJANA,UL. SLOBODE BR.16," 067/331-220,",bojana.spanjevic@jmv.co.me
MARKOVIĆ VELIBOR,UL. 13. JULA 15/I, 237-765; 069/041-593,velibor.law@t-com.me
MARKOVIĆ DANILO,ĐOKA MIRAŠEVIĆA M2 52/7, 067/345-163,danilo.markovic@t-com.me
MARKOVIĆ DRAGAN,UL. 13. JULA 7," 238-430, 069/014-390",advdraganm@t-com.me
MARKOVIĆ JELENA,UL. 13. JULA BR.7," 238-430, 069/444-402",
MARKOVIĆ J. LJUBOMIR,"UL. ĐOKA MIRAŠEVIĆA, KULA M-2"," 264-327, 069/083-614",danilo.markovic@t-com.me
MARKOVIĆ MARJAN,"UL. ILIJE PLAMENCA 103, ULAZ 5, STAN 8"," 662-033, 069/027-401",marjanmarkovic@t-com.me
MARKOVIĆ MARKO,UL. JOVANA TOMAŠEVIĆA BR.21, 069/341-561,marko.markovic@mijovic-vukovic.me
MARKOVIĆ NELA,BULEVAR PERA ĆETKOVIĆA BE.305," 067/445-980,",nelamarkovicmne@gmail.com
MAROJEVIĆ ANDRIJA,BULEVAR DŽORDŽA VAŠINGTONA BR.45," 069/249-999,",andrijamaroje@gmail.com
MARTINOVIĆ IGOR,UL. VAKA ÐUROVIĆA BB," 407-278,  067/232-819",igormartinovic@t-com.me
MARTINOVIĆ K. NIKOLA,UL. VUČEDOLSKA BR. 7," 202-616, 202-617, 202-618, fax. 202-615, 067/616-090",nikola@montenegrolegal.me
MASLOVAR BOJANA,BULEVAR SVETOG PETRA BR. 130/VII, 067/600-514,bojana.maslovar@mail.ru
MASTILOVIĆ ANA,SERDARA JOLA PILETIĆA 1/I,"240-558, 067/506-421",mastilovicana.adv@gmail.com
MATKOVIĆ ALEKSANDAR,UL. STANKA DRAGOJEVIĆA 28," 665-124, 069/017-013",anetao@t-com.me
MAŠANOVIĆ ILIJA,UL. CRNOGORSKIH SERDARA BR.21," 067/606-640,",ilija.masanovic.legal@gmail.com
MEDOJEVIĆ DARKO,UL. ĐURE DANIČIĆA BR.7, 067/468-734,medojevic.darko@gmail.com
MEDOJEVIĆ DRAŽEN,UL. NJEGOS EVA 45, 069/075-898,drazenmedojevic67@hotmail.com
MEDOJEVIĆ NIKOLA,"ZGRADA SOLIDARNOSTI »B«, STARI AERODROM (PORED P.C. »VOLI«, PRIZEMLJE, STAN J BR.1)", 069/012-793,medojevic@t-com.me
MEĐEDOVIĆ MARKO,"CITY KVART, LAMELA 5-19, (PRIJEM SLUŽBENE POŠTE: CITY KVART, RADOJA DAKIĆA 30A)", 069/317-197,info@medjedovic.me
MEHMEDOVIĆ OMER,UL. MARKA MILJANOVA BR.17," 069/090-395,",omer.mehmedovic@gmail.com
MIJAJLOVIĆ-STAJIĆ LJUBINKA,UL. KARAĐORĐEVA BR.3," 230-760, 067/424-220",stajic.lj@t-com.me
MIJANOVIĆ MILIJA,UL. HERCEGOVAČKA 92, 067/254-333,advmm@t-com.me
MIJOVIĆ-STRAHINJA JELENA,UL. SVETOZARA MARKOVIĆA 52A, 238-305; 069/129-974,smvadvokati@gmail.com
MIJOVIĆ ZORAN,UL. JOVANA TOMAŠEVIĆA BR.21," 238-566, 069/445-665",zoran.mijovic.adv@gmail.com
MIJOVIĆ NATAŠA,UL. IVANA MILUTINOVIĆA BR.7," 067/517-760, 069/259-767",natasa.deletic@gmail.com
MILAČIĆ DRAŽEN,UL. 13. JULA BR.3," 238-306,  067/212-353",advokatmilacic@gmail.com
MILIĆ DAMJAN,"BULEVAR DŽORDŽA VAŠINGTONA 108, A36, II SPRAT", 069/964-646,damjan_milic@yahoo.com
MILINKOVIĆ VESNA,"19.DECEMBRA BR.14, I SPRAT", 067/235-295,vesnamilinkovic17@gmail.com
MILONJIĆ V. BOŽO,BULEVAR SVETOG PETRA CETINJSKOG BR.44, 068/431-023,advbozovm@gmail.com
MILAŠEVIĆ JOVAN,"NOVAKA MILOS EVA BR.38, III SPRAT"," 069/013-016,",advjovanm@gmail.com
MILOŠEVIĆ ANĐELKO,OKTOBARSKE REVOLUCIJE 7," 069/020-882,",info@notari.me
MILOŠEVIĆ B. VLADIMIR,UL. ZETSKOG ODREDA 15," 613-405, 613-406, 067/870-605",milosevicm@t-com.me
MILOŠEVIĆ MARKO,UL. HERCEGOVAČKA BR.60, 069 053 993,marko.milosevic@advokatmne.me
MILOŠEVIĆ MAŠA,UL. KARAĐORĐEVA BR.4, 067/484-386,masamilosevic@hotmail.com
MILOŠEVIĆ MILOVAN,UL. VASA RAIČKOVIĆA 2A," 664-394,  069/193-022",advokat.milosevic@t-com.me
MILOŠEVIĆ NOVICA,UL. JOVANA TOMAŠEVIĆA 35," 238-578, 069/016-954",novica@t-com.me
MILJANOVIĆ MILENA,"19. DECEMBRA, JUŽNA TRIBINA GRADSKOG STADIONA,  ULAZ 1, I SPRAT", 068/158-319,adv.milenamiljanovic@gmail.com
MINIĆ PETAR,"UL. SERDARA JOLA PILETIĆA BB, ZGRADA »VEZIR« - SPRAT II",". 223-808, 069/459-359",petar.minic@adv.co.me
MIŠNIĆ NIKOLINA,UL. 4. JULA BR.15, 069/250-814,adv.nikolina@gmail.com
MIRANOVIĆ ANA,UL. VASA RAIČKOVIĆA 2B," 238-410, 238-455, 067/232-299",rareana@gmail.com
MIRANOVIĆ TOMISLAV,BULEVAR REVOLUCIJE 2A, 067/210-130,miranovictomislav@gmail.com
MIĆANOVIĆ-NIKČEVIĆ SNEŽANA,UL. 19.DECEMBRA BB - JUŽNA TRIBINA GRADSKOG STADIONA," 231-908, 069/563-144",adv.micanovic@gmail.com
MIĆOVIĆ DANILO,UL. NJEGOS EVA 12," 650-167, 069/014-414",mvasilije@t-com.me
MIĆUNOVIĆ MIRKO,UL. MOSKOVSKA 34, 067.568. 295,info@micunovic.me
MIŠNIĆ MARKO,UL. NOVAKA MILOS EVA BR.20," 220-346, 067/242-010,",marko.misnic@arp.co.me
MIŠNIĆ NIKOLINA,UL. 4. JULA BR.15, 069/250-814,adv.nikolina@gmail.com
MRDAK PETAR,BULEVAR SVETOG PETRA CETINJSKOG BR.83, 067/418-040,peromrdak@t-com.me
MUGOS A VANJA,UL. SLOBODE 16/I, 069/012-494,mvanja@t-com.me
MUGOS A MITAR,UL. OKTOBARSKE REVOLUCIJE BR.42," 237-062, 067/675-610",
MURATOVIĆ ORLE,MOSKOVSKA 48, 069/010-265,adv.muratovic@gmail.com
"MURIĆ DINO  19. DECEMBRA, JUŽNA TRIBINA STADIONA »BUDUĆNOST«, ULAZ 1, I SPRAT",," 068/017-010,",advokat.dinom@gmail.com
NIKOLIĆ ANJA,"UL. 19. DECEMBRA BB, JUŽNA TRIBINA GRADSKOG STADIONA, I SPRAT"," 069/827-352, 067/499-237,",adv.anikolic@yahoo.com
NIKOLIĆ DAMJAN,TRG NEZAVISNOSTI BR.1, 067/609-097,damjannikolic1991@yahoo.com
NIKOLIĆ  DRAGAN,"UL. 19. DECEMBRA BB, JUŽNA TRIBINA GRADSKOG STADIONA, I SPRAT"," 067/766-214, 068/431-431",adv.dnikolic@yahoo.com
NIKOČEVIĆ RUSMIN,UL. JOVANA TOMAŠEVIĆA 23/I," 067/812-980, 063/208-171",sarijaiema@t-com.me
NIKČEVIĆ BOJANA,UL. SLOBODE BR.16, 069/261-324,bojana.nikcevic@jmv.co.me
NIKČEVIĆ-GAZIVODA RAJKA,CITY KVART - PERA ŠOĆA 2-2/24," 067/688-257,",advokatrajka@t-com.me
NINOVIĆ - ĐURIČIĆ JELENA  UL. VUČEDOLSKA BR.7,," 202-615, 067/612-627, ",
NOVAKOVIĆ DANILO,JOVANA TOMAŠEVIĆA 11/2, 069/699-410,dasa.novakovic@gmail.com
NOVAKOVIĆ R. LJUBIŠA,"MOSKOVSKA 25,  ZGRADA »VEKTRA« I SPRAT, STAN 3A"," 234-180, 069/015-417",
NOVAKOVIĆ M. DR. NENAD,UL. BLAŽA JOVANOVIĆA 31/IV," 512-552, 069/014-757",
NOVIĆEVIĆ SPASOJE,II CRNOGORSKOG BATALJONA 2/4, 067/413-161,novicevicspasoje@gmail.com
NUHODŽIĆ DŽENANA,DŽORDŽA VAŠINGTONA BR.79, 067/322-223,dzenana.nuhodzic@unimediteran.net
OROVIĆ RATKO,UL. VUKA KARADŽIĆA 4/IV, 067/493-374,ratko.orovic3@gmail.com
"OTAS EVIĆ ĐURO  UL. MOSKOVSKA BR.89/V, STAN BR.20",," 512-629, 069/457-214, ",
OTAŠEVIĆ IVAN,UL. JOVANA TOMAŠEVIĆA BR.9, 067/829-913,ivan.otasevic@yahoo.com
OSTOJIĆ NEVENA,"JUŽNA TRIBINA STADIONA »BUDUĆNOST"", UL.19. DECEMBRA, ULAZ 1, I SPRAT", 067/285-233,ostojicnevena@yahoo.com
"OSTOJIĆ RADMILA  GRADSKI STADION, JUŽNA TRIBINA, I SPRAT",," 207-300, 069/318-271, ",
PAVIĆEVIĆ LJILJANA,UL. HERCEGOVAČKA 13," 664-192, 664-193, 069/053-996",pavicevicljiljana5@gmail.com
PAVLIČIĆ ŽARKO,"UL. OKTOBARSKE REVOLUCIJE 157/1, OBJEKAT ""DRAČ"" I SPRAT, STAN BR.3", 067/596-115,
PAVLIČIĆ T. NENAD,UL. VUKA KARADŽIĆA 27/IV," 230-838, 230-813; 067/225-566",advnenadp@t-com.me
PAVLIČIĆ TATJANA,BULEVAR DŽORDŽA VAŠINGTONA 57/29, 067/388-454,adv.tatjanapavlicic@yahoo.com
PAVLOVIĆ ANA,"CETINJSKI PUT 11, THE CAPITAL PLAZA IV", 067/321-649,pavlovica777@gmail.com
PAVLOVIĆ JOVANA,UL. SLOBODE BR.60, 069/669-686,jpavlovic87@yahoo.com
PAŽIN ZORAN,BULEVAR DŽORDŽA VAŠINGTONA 98,"067/262-676,",advzpazin@gmail.com
PAJKOVIĆ MIRJANA,"UL. II CRNOGORSKOG BATALJONA 2/13, STAN BR. 1", 068/738-356.,pajkovicmira@gmail.com
PAPOVIĆ NINA,BULEVAR SVETOG PETRA CETINJSKOG 130/VII, 069/760-069,nina.gujic@yahoo.com
PARAĐIN MILICA,VUKA KARDŽIĆA BB," 067/204-659,",milica.saveljic@yahoo.com
PEJOVIĆ ANJA,MARKA MILJANOVA BR.27," 337-465,  067/258-006",anja.pejovic@anadjukanovic.com
PEJOVIĆ VASILISA,HERCEGOVAČKA BR.56," 690-117, 068/642-963,",vasilisa_pejovic@yahoo.com
PEJOVIĆ ELENA,"BUL. SVETOG PETRA CETINJSKOG 130, KULA ""NCO"", VII SPRAT", 067/609-857,
PEJOVIĆ KRSTO,UL. HERCEGOVAČKA BR.90," 230-285, 068/050-068",pejovici@t-com.me
PEJOVIĆ MARIJA,BULEVAR DŽORDŽA VAŠINGTONA BR.78, 067/477-121,adv.marijapejovic@gmail.com
PEJOVIĆ MILENA,"CETINJSKA 13/23, ZGRADA LINEA I/8", 067/600-513,advokacija@t-com.me
PEKOVIĆ VERA,UL. VAKA ĐUROVIĆA 82/2, 067/055-665 i 069/052-713,pekovicvera@gmail.com
PEKOVIĆ DIJANA,"UL. 13. JULA BR.3,"," 238-306, 068/288-878",dijana.pekovic@yahoo.com
PEKOVIĆ NADA,UL. VASA RAIČKOVIĆA 2A, 067/505-277,nadapekovic163@gmail.com
PEPIĆ AMAR,HERCEGOVAČKA 60, 067/063-630,advpepic97@gmail.com
PERIŠIĆ MILICA,UL. PETRA PRLJE BR.8/11, 068/603-251,mobradovic291@gmail.com
PERIŠIĆ SANDRA,"CETINJSKI PUT BR.11, THE CAPITAL PLAZA IV", 068/068-886,sandrap1503@gmail.com
PEROVIĆ ANASTAZIJA,UL. JOVANA TOMAŠEVIĆA 13," 202-616, 067/812-832",perovic.anastazija@gmail.com
PEROVIĆ MITAR,BULEVAR SVETOG PETRA CETINJSKOG 1A/VII, 068/545-404,mitar_perovic@yahoo.com
PEROVIĆ L. PERIŠA,"UL. VUKA KARADŽIĆA BR.27, IV SPRAT, STAN 14", 069/075-590,advperisa@t-com.me
PEROVIĆ V. RANKA,UL. VASA RAIČKOVIĆA 42/II," 238-500; 237-600, 067/212-048",advperovic@t-com.me
PERUNOVIĆ MAJA,"CITY KVART L2/8, ZGRADA ""ČELEBIĆ""", 069/571-241,perunovicrmaja@gmail.com
PETRIČIĆ ANĐELA,BUL. DR IBRAHIMA KORISTOVIĆA 19 A," 069/426-923,",adv.spanjevic@gmail.com
PETROVIĆ DRAGOLJUB,UL. 13. JULA BR.11, 067/583-791,ana.dado@t-com.me
PEŠIĆ NOVICA,UL. MILJANA VUKOVA BR.3," 643-240, fax.643-241,  067/272-120",novica.pesic@montenegrolaw.com
PIPEROVIĆ VESNA,"UL. 4. JULA B.B., ZGRADA »PRVOBORAC« , ULAZ I STAN 52", 067/453-089,vesna.piperovic@gmail.com
PIPEROVIĆ ZORAN,"UL. STUDENTSKA 16, ZGRADA »ČELEBIĆ«", 069/011-034,
POLEKSIĆ JOVAN,UL. ADMIRALA ZMAJEVIĆA 71," 322-697, 069/018-586",jole.p@t-com.me
POPOVIĆ BOJAN,"CITY KVART, FAZA I, ULAZ II/38", 069/726-737,bojanpopovicadvokat@gmail.com
POPOVIĆ DRAGAN,UL. KARAĐORĐEVA BR.6, 067/616-696,draganpop83@yahoo.com
POPOVIĆ VESELIN,"BULEVAR REVOLUCIJE, ZGRADA»VEKTRA«, ULAZ IV, STAN 27/A, I SPRAT",". 234-115, 234-115, 067/891-666",advokat_popovic@yahoo.com
POPOVIĆ MILADIN,UL. ÐOKA MIRAŠEVIĆA 21, 213-136,
POPOVIĆ MILOS,UL. JOVANA TOMAŠEVIĆA BR.9, 067/506-507,dzilipopovic@gmail.com
POPOVIĆ SAVA,UL. HERCEGOVAČKA 90," 230-285, 069/073-718",advokatpopovic@t-com.me
POPOVIĆ SANDRA,UL. JOVANA TOMAŠEVIĆA BR.11/9," 228-360, 228-330, 067/835-705",sanje.popovic@gmail.com
POPOVIĆ LUKA,"UL. CETINJSKA BR.11, THE CAPITAL PLAZA"," 230-396, 069/183-970",
POPOVIĆ-KUSTUDIĆ LJUBINKA,UL. 13. JULA BR.5," 664-664, 067/596-112",ljubinkapopkud@t-com.me
PREBIRAČEVIĆ STEFAN,UL. RATNIH VETERANA 94, 067/145-590,stefanprebiracevic91@gmail.com
PRELEVIĆ SMILJANA,BULEVAR SVETOG PETRA CETINJSKOG 54," 247-368, 069/249-707, 067/641-050",smiljana.prelevic@gmail.com
PRELEVIĆ LUKA,SVETOZARA MARKOVIĆA 42, 067/587-591,luka.prelevic@plk-advokati.me
PRELEVIĆ RADONJA,UL. BORA TAMINDŽIĆA BB, 069/504-496,
PRELEVIĆ R. DRAGAN,"BULEVAR SVETOG PETRA CETINJSKOG 130, KULA »NCO«, VII SPRAT"," 510-506, 228-563, 228-564, fax.510-507,  067/600-505",dp@prelevic.com
PRELEVIĆ TIJANA,BULEVAR SVETOG PETRA CETINJSKOG 54," 247-368, 069/463-900",tprelevic16@gmail.com
PREMOVIĆ MIRJANA,HERCEGOVAČKA 85, 067/821-341,advanapremovic@gmail.com
RADINOVIĆ DEJAN,BULEVAR SV. PETRA CETINJSKOG BB," 234 -173, fax. 234-174, 069/125-155",titograd977@gmail.com
RADIČKOVIĆ CVETKO,UL. MILJANA VUKOVA 17," 067/529-354,",cvetkor@t-com.me
RADOVIĆ VESNA,UL. SLOBODE 60/IV," 067/067-704,",vesnaradovic2022@gmail.com
RADOVIĆ JELENA  UL. ALEKSANDRA PUS KINA BR.203,," 069/205-357, ",
RADOVIĆ KATARINA  BULEVAR DŽORDŽA VAS INGTONA 3/4,," 067/331-334, ",
RADOVIĆ MARKO,UL. KARAĐORĐEVA BR.6," 069/550-006,",marko.v.radovic@gmail.com
RADOVIĆ MILAN,UL. ATINSKA BR.6, 069/021-109,radovic.milo.milan@gmail.com
RADOVIĆ - SENTIĆ NINA,UL. SLOBODE BR.37, 067/505-520,radovic.legal@gmail.com
RADOVIĆ NEMANJA,"UL. LJUBLJANSKA 16, I SPRAT", 069/271-999,radovic.nemanja@yahoo.com
RADOVIĆ SRĐAN,UL. IVANA VUJOŠEVIĆA 56/IV, 067/201-217,adv.s.radovic@gmail.com
RADOJIČIĆ IVANA,UL. SVETLANE KANE RADEVIĆ BR.3, 067/222-918,iradojicic82@gmail.com
RADOJIČIĆ MITAR,UL. SLOBODE BR.16,". 672-671, 672-672, 672-674, 067/808-658",mitar_radojicic@yahoo.com
RADONJIĆ MILENA,UL. ANDRIJE PALTAŠIĆA BR.86, 067/575-740,radonjicmilena01@gmail.com
RADONJIĆ N. VANJA,UL. KARAĐORĐEVA 18, 069/218-826,vero.nika@t-com.me
RADONJIĆ RANKO,"TRG NEZAVISNOSTI BR.21, SPRAT I", 069/820-824,rradonjic@gmail.com
RADONJIĆ R. SLAVKO,UL. ÐOKA MIRAŠEVIĆA M-1," 264-098, 067/261-479",adv.slavkoradonjic@yahoo.com
RADONJIĆ VLADIMIR,"BULEVAR DŽORDŽA VAŠINGTONA BR.108/A36, II SPRAT,PC»CAPITAL PLAZA«"," 620-312, fax.620-313, 067/227-717",vladimir.radonjic@radonjic-associates.com
RADONJIĆ ZORAN,"BORISA KIDRIČA BR.9, DONJA GORICA", 067/282-222,radonjic-zoran@t-com.me
RADOŠIĆ ZDRAVKO,UL. SERDARA JOLA PILETIĆA 8/6, 067/523-121,zdravko.radosic@velimirovic.me
RADULOVIĆ BOŽIDAR,BAKU 30/5," 242-007, fax. 242-801,  069/365-128",bradulovic@patentradulovic.me
RADULOVIĆ VERA,"UL. BEOGRADSKA BB, ZGRADA »MONTRI«"," 230-132, fax.231-971, 069/066-797",advokat.ostojic@t-com.me
RADULOVIĆ VESELIN,II CRNOGORSKOG BATALJONA 2/4, 069/063-062,adv.radulovic@gmail.com
RADULOVIĆ DANILO,"UL. MOSKOVSKA 111, I-34 (ZGRADA MAXIM), PODGORICA", 067/530-740,advokatdaniloradulovic@gmail.com
RADULOVIĆ DARKO,BULEVAR REVOLUCIJE 60, 067/677-567,darkoradulovic44@gmail.com
RADULOVIĆ  MARIJA,UL. 13.JULA BR.6/I, 069/320-409,advokat.marijaradulovic@gmail.com
RADULOVIĆ MILAN,UL. NOVAKA MILOS EVA BR.20," 220-346, 067/242-222",milan.radulovic@arp.co.me
RADULOVIĆ MILOS,UL. SERDARA JOLA PILETIĆA BR.7, 068/074-072,advokat.milosradulovic@gmail.com
"RADULOVIĆ NINA, DR",UL. ROMANOVIH BR.10," 642-399, 067/235-694,",dr.ninaradulovic@gmail.com
RADULOVIĆ PETAR,BULEVAR REVOLUCIJE 2A," 067/270-186,",petarradulovic3@gmail.com
RADULOVIĆ SANJA,UL. KARAĐORĐEVA BR.18, 067/207-303,adv.sanjaradulovic@gmail.com
RADUNOVIĆ ZORAN,"UL. SERDARA JOLA PILETIĆA BB, ZGRADA »VEZIR«, SPRAT II",". 223-808, 069/472-557",zoran.radunovic@adv.co.me
RADUNOVIĆ MAJA,UL. VII OMLADINSKA 33, 067/555-307,majamradunovic@gmail.com
RAZIĆ ANDRIJANA,UL. 13. JULA BR.6/I," 239-177, 069/414-437",razicana@hotmail.com
RAIČEVIĆ ANA,BULEVAR PERA ĆETKOVIĆA 305, 067/527-046,adv.anaraicevic@gmail.com
RAIČEVIĆ VESNA,UL. 13. JULA 15/I," 237-765, 069/073-449",v.raicevic@hotmail.com
RAIČEVIĆ IVAN,"VLADIKE VISARIONA BORILOVIĆA, MASTER QUART, ULAZ C1, STAN 6", 067/225-435,ivan.raicevic@trlegal.me
RAIČEVIĆ MILIVOJE,BULEVAR  REVOLUCIJE 48," 224-700, 620-783, 069/014-181",
RAJKOVIĆ ALEKSANDRA,UL. SVETLANE KANE RADEVIĆ BR.3/7 (P.C. EUROPOINT)," 247-711, 067/252-885",saskastevovic@yahoo.com
RAJKOVIĆ ANĐELA,UL. NJEGOS EVA BR. 11, 069/207-764,adv.andjelarajkovic@gmail.com
RAJKOVIĆ BRANKA,UL. DALMATINSKA 50, 067/040-700,branka.rajkovic@gmail.com
RASPOPOVIĆ ANDREJ,KARAĐORĐEVA BR.18, 067/494-449,andrej.r@t-com.me
RASPOPOVIĆ DRAGOLJUB,"UL. PIPERSKA 370A, 54/III"," 272-043, 067/257-107,",drag.ras56@gmail.com
RASPOPOVIĆ MILENKO,UL. DŽORDŽA VAŠINGTONA 53," 234-574, 067/821-765",
RAČIĆ RANKA  UL. 13.JULA BR.19,," 237-231, 068/398-646, ",
RAŠOVIĆ BORISLAV,UL. 13. JULA BB," 237-037, 069/013-871",advrasovic@t-com.me
RAŠČANIN SLOBODAN,"UL. MILOŠA OBILIĆA S2B III/11, STARI AERODROM"," 652-484,  067/9180-798",
RISTIĆ NIKOLA,UL. BORISLAVA PEKIĆA BB, 067/335-335,advnikolaristic@gmail.com
ROGOŠIĆ ALEKSANDRA,BULEVAR DŽORDŽA VAŠINGTONA BR.44, 247-711; 069/446-447,aleksandra.rogosic@gmail.com
RODIĆ GORAN,UL. 13.JULA BR.6/I," 239-177, 069/022-400",advokatrodic@t-com.me
ROĆEN DALIBOR,UL. 13. JULA BR.3, 068/069-500,dalibor.rocen@gmail.com
SAVKOVIĆ BRANKO,UL. M. RADUNOVIĆA A36/II," 239-165, 067/553-352",
SAMARDŽIĆ JOVAN,BAKU 3/16," 511-004, 067/230-456",jovansamardzic@t-com.me
SVRKOTA DANKO,UL. BRATSTVA I JEDINSTVA 177," 624-262, 067/548-835",s.danko@t-com.me
DR SEKULIĆ MOMČILO,UL. STUDENTSKA 2, 069/032-427,momo.sekulic@t-com.me
SEKULOVIĆ NOVICA,UL. 13. JULA BR.21, 068/068-632,nsekulovic@gmail.com
"SIMIN BRANKA  XII ULICA, MOJANOVIĆI BR.4",," 067/230-751, ",
SIMOVIĆ BRANKO,UL. KARAĐORĐEVA 14,". 664-947, 069/016-221",simovic_branko@t-com.me
SIMOVIĆ MINJA,UL. KARAĐORĐEV 14," 664-947, 068/485-985",simovicminja@t-com.me
SMAILOVIĆ IBRAHIM,UL. NJEGOS EVA BR.45," 067/132-555,",ibrahim.smailovic@yahoo.com
SIMANIĆ KOSTA,BULEVAR PERA ĆETKOVIĆA 305, 069/824-524,adv.kostasimanic@gmail.com
SMOLOVIĆ DRAGAN,UL. SLOBODE 26,".231-175; 067/807- 755, 069/026-812",draganjs@t-com.me
SMOLOVIĆ SLOBODAN,UL. VUČEDOLSKA BR.7," 202-616, 069/053-893",advslobo@hotmail.com
SRDANOVIĆ BALŠA,BULEVAR IVANA CRNOJEVIĆA 54, 067/535-368,srdanovicbalsa@gmail.com
STAMATOVIĆ NEMANJA,VUKA KARADŽIĆA BR.5, 067/397-537,nemanja.stamatovic@advokatpg.me
STANIŠIĆ IVANA,UL. 13.JULA BR.7/II, 067/333-933,knezevic.adv@gmail.com
STANKOVIĆ ALEKSA,BULEVAR REVOLUCIJE BR.74, 067/867-867,stankovic.aleksa@yahoo.com
STANKOVIĆ IVICA,S EIKA ZAIDA BR.2," 067/867-867,",
STANKOVIĆ-MUGOŠA ANA,TRG NEZAVISNOSTI 13," 664-409, 069/023-139",anast@t-com.me
STANOVIĆ  LUKA,SLOBODE BR.45," 068/860-146,",lukastanovic@gmail.com
STARČEVIĆ BILJANA,SLOVAČKA B.B. STAN BR.24," 069/303-366,",advbiljanastarcevic@gmail.com
STIJEPOVIĆ LUKA,BULEVAR SVETOG PETRA CETINJSKOG 130/VII," 232-348,  067/282-720",lstijepovic@gmail.com
STIJOVIĆ ŽELJKO,"BULEVAR DŽORDŽA VAŠINGTONA ULAZ 3/4, STAN BR.12", 067/587-629,zstijovic@gmail.com
STOJANOVIĆ MARIJA,CETINJSKA 11/IV - THE CAPITAL PLAZA," 067/496-826,",marija.stojanovic.uk@gmail.com
STOJKOVIĆ MARKO,UL. VUKA KARADŽIĆA BR.17," 230-030, 068/302-302",stojkovic.marko@live.com
STRUGAR DRAGOLJUB,VASA RAIČKOVIĆA 2A," 069/013-389,",adv.dragoljubstrugar@gmail.com
STRUGAR RATKA,UL. SLOBODE 16," 672-672, 067/603-063,",ratka.strugar@jmv.co.me
SULJEVIĆ MELIDA,UL. VOJINA KATNIĆA BR.31," 332-104, 067/749-411",melida.uprava@gmail.com
TADIĆ ANA,BLAŽENE OZANE 2, 069/570-328,advokatanatadic@gmail.com
TADIĆ PALIBRK JELENA,"SERDARA JOLA PILETIĆA 2, (ZGRADA »ČELEBIĆ«), STAN BR.3",067/285-819,tadicjelena31@gmail.com
TANJEVIĆ MARINA,UL. IV JULA TS/2, 068/181-878,marina.p.tanjevic@gmail.com
TERZIĆ DEJAN,UL. HERCEGOVAČKA 90/3,". 220-492,  067/841-814",advokat.terzicd@t-com.me
TERZIĆ NIKOLA,"BUL. SERDARA JOLA PILETIĆA BR. 18, 9/2", 067/604-094,terzic@law-office.me
TIODOROVIĆ ZORAN,BULEVAR DŽORDŽA VAŠINGTONA 45," 068/784-416,",ztiodorovic12@gmail.com
TOMAŠEVIĆ N. ŽELJKO,"UL. ILIJE PLAMENCA 103, ULAZ 5, STAN 8"," 241-290, 069/021-315",zeljkotomasevic59@gmail.com
TOMAŠEVIĆ - PAPIĆ SLAĐANA,UL. 13.JULA BR.41, 067/818-515,tomasevicsladjana7@gmail.com
TOMKOVIĆ NIKOLA,BULEVAR SV. PETRA CETINJSKOG 106, 067/521-844,lawofficetomkovic@gmail.com
TOMOVIĆ DALIBOR,BULEVAR SVETOG PETRA CETINJSKOG 130/VII," 510-506, 228-563, 228-564, fax. 510-507, 067/595-657",darkoadv@t-com.me
TOMOVIĆ DARIJA,BAKU 30/4," 242-007, 067/484-931",thetomovic@gmail.com
TOMOVIĆ MIRJANA,UL. PRIMORSKA 21," 660-096, 067/755-361",mirjana.tomovic@yahoo.com
TOMOVIĆ MLADEN,UL. OKTOBARSKE REVOLUCIJE 157/1," 067/419-704, 067/247-423",mladen.tomovic@hotmail.com
TRIPKOVIĆ MAJA,"UL. MOSKOVSKA BR.111, ZGRADA »MAXIM«, I-34"," 510-707, 069/208-535,",adv.majatripkovic@gmail.com
TRIPKOVIĆ PAVLE,"VLADIKE VISARIONA BORILOVIĆA, MASTER QUART, ULAZ C1, STAN 6"," 067/609-095,",pavle.tripkovic@trlegal.me
TURKOVIĆ MAJA,"UL. SLOBODE BR.5, SPRAT I,", 069/968-059,turkovic.maja@gmail.com
ĆALASAN MARIJA,UL. SLOBODE BR.27, 067/232-103,advmarijacalasan@gmail.com
ĆOROVIĆ DRAŽEN,VUKA KARADŽIĆA BB (ZGRADA PRVE BANKE), 069/029-083,drazen.corovic@gmail.com
ĆOROVIĆ JELICA,UL. HERCEGOVAČKA BR.60, 067/501-496,jelica.corovic@t-com.me
ĆORSOVIĆ BORIS,UL. NOVAKA MILOS EVA BR.20," 220-346, 067/344-652",boris.corsovic@arp.me
ĆOSOVIĆ GORAN,UL. CEKLINSKA BB," 280-040, 069/496-188",gorancosovic@t-com.me
ĆOSOVIĆ MIROSLAV,UL. SLOBODE 74, 069/503-030,cosovicmiroslav@gmail.com
ĆULAFIĆ DANILO,UL. MOSKOVSKA 30A," 067/616-155,",danilo.culafic@icloud.com
ĆUPIĆ BRANISLAV,BULEVAR  DŽORDŽA VAS INGTONA 79," 510-146, fax.510-147, 069/406-889, 067/113-375",brano@akcupic.com
ĆUPIĆ FILIP,BULEVAR  DŽORDŽA VAS INGTONA 79," 510-146, fax. 510-147, 067/431-230",filip@akcupic.com
ULIĆ IVAN,UL. 13. JULA BR.13, 069/032-300,ivanulic@t-com.me
ULIĆEVIĆ RADOVAN,UL. HERCEGOVAČKA BR.90/3,". 220-492, 069/677-414,",adv.ulicevic-r@t-com.me
FATIĆ DANILO,BULEVAR SVETOG PETRA CETINJSKOG 130/VII, 067/521-198,danilofatic@yahoo.com
FRANOVIĆ KOVAČEVIĆ BOJANA,BULEVAR DŽORDŽA VAŠINGTONA 49,". 510-072, 067/606-060,",bojanaf@t-com.me
FRANOVIĆ KSENIJA,"BULEVAR DŽORDŽA VAŠINGTONA BR.49, STAN 6",". 653-930,  067/323-663,",ksenijaf@t-com.me
FEMIĆ RISTO,AERODROMSKA 29," 067/214-572, ",adv.ristofemic@gmail.com
HAJDUKOVIĆ MARKO,MARKA MILJANOVA BR.27," 337-465, 067 302-520",marko.hajdukovic@akhajdukovic.com
HODŽIĆ ISMET,UL. VOJINA KATNIĆA BR.26/2," 067/284-354, 069/143-001,",ismetpg1@gmail.com
HODŽIĆ FATA,"UL. ZMAJ JOVINA 20, STARI AERODROM"," 067/336-364,",advokathodzicfata@gmail.com
CAMOVIĆ MIRJANA,UL. SLOBODE BR.27, 067/459-358,mirjanacamovic@yahoo.com
CEROVIĆ ANA,"UL. UL. BAKU 140, SPRAT I"," 063/202-525,",ana.cerovic84@gmail.com
CIMBALJEVIĆ VESNA,UL. 19.DECEMBRA BB - JUŽNA TRIBINA GRADSKOG STADIONA," 067/468-269, 068/852-679,",vesnacimbaljevic@gmail.com
ČABARKAPA GAVRILO,UL. SLAVONSKA BR.5, 067/205-938,gavrilocabarkapa@gmail.com
ČAĐENOVIĆ GORAN  UL. IVANA VUJOS EVIĆA 30,," 067/240-235, ",
ČAĐENOVIĆ SANJA,VIJENCI DANILA KIS A 2/4, 69/311-165,sanjacadjenovic@gmail.com
ČAĐENOVIĆ VLADIMIR,UL. BRANKA ĆOPIĆA 8, 069/155-680,adv.vladimirc@t-com.me
ČAĐENOVIĆ  R. VLADIMIR,BULEVAR IVANA CRNOJEVIĆA 54," 069/438-414,  069/233-886",vladimircadjenovic@gmail.com
ČARMAK BOŽIDAR,"CETINJSKI PUT, LAMELA 1/4 BROJ 2, CITY KVART",". 260-819, 067/105-205",adv.carmak@gmail.com
ČVOROVIĆ ANJA,BULEVAR DŽORDŽA VAŠINGTONA 78, 067/368-379,anja.cvorovic@gmail.com
ČVOROVIĆ MAJA,"UL. SERDARA JOLA PILETIĆA BB, ZGRADA »VEZIR« - SPRAT II",". 223-808, 069/984-705",maja.cvorovi@adv.co.me
ČEJOVIĆ VLADIMIR,"UL. 13 JULA BR. 21, I SPRAT"," 208-070, fax. 208-071, 069/063-855",cejovicv@t-com.me
ČELEBIĆ ZORAN,UL. IVANA CRNOJEVIĆA 85,". 231-178, 069/329-966",advokat.zorancelebic@gmail.com
ČELEBIĆ MARIJA,"UL. BRATSTVA I JEDINSTVA 6/VII, ZGRADA ""KRSTARICA""", 067/236-400,celebic.marija@gmail.com
ČOLOVIĆ MLADEN,"UL. MARKA RADOVIĆA BR.37, STAN BR.4"," 226-480, 226-481, fax.621-320, 067/250-711",coloviclaw@gmail.com
ČULJIĆ RAJKA,UL. VOJISLAVLJEVIĆA 18/I," 282-030, 067/212-453",
ŠABOVIĆ ILHANA,UL. LJUBOVIĆ 28," 681-146, 069/870-576",ilhanapg@hotmail.com
ŠABOTIĆ DINA,"UL. MOSKOVSKA, ZGRADA ""MAXIM"" 133A", 067/868-819,saboticdina@yahoo.com
ŠARANOVIĆ MILIJA,"BULEVAR DŽORDŽA VAŠINGTONA, ULAZ I/314 BR.12", 068/638-532,milijasaranovic@yahoo.com
ŠEVALJEVIĆ LAZAR,UL. DALMATINSKA BR.4,". 237-149, 069/069-067",advokatlazar@t-com.me
S ESTOVIĆ OLJA  UL. SERDARA JOLA PILETIĆA BR.1/G,," 069/040-454, ",
ŠLJIVANČANIN IVANA,ANKARSKI BULEVAR 38, 067/592-027,ivana@sljivancaninlaw.com
S OFRANAC MARIJA,UL. SLOBODE 60/IV," 220-223, 069/452-913",marijasofranac28@gmail.com
S OFRANAC SAVO,VASA RAIČKOVIĆA 4B," 068/467-245,  067/641-391, 069/992-797",savosofranac.adv@gmail.com
ŠOĆ M. DIMITRIJE,SERDARA JOLA PILETIĆA BR.22," 069/906-166,",dimitrijesoc@gmail.com
ŠOĆ DRAGAN,UL. VASA RAIČKOVIĆA 14," 238-350, 067/200-100",soc_dragan@yahoo.com
ŠPINDLER SNEŽANA,"CENTRAL POINT, UL. MARKA RADOVIĆA BR.23", 067/609-998,snezanaspindler@gmail.com
ŠĆEPANOVIĆ BRANKO,UL. HERCEGOVAČKA BR.106, 067/888-800,
ŠĆEPANOVIĆ DRAGOLJUB,UL. JOVANA TOMAŠEVIĆA 19," 069/032-730, 068/032-730",dragoljubscepanovic@t-com.me
ŠĆEKIĆ ITANA,BULEVAR IVANA CRNOJEVIĆA BR.50," 067/553-599, 231-628",itana.scekic@yahoo.com
S UKURICA AMER,UL. SVETOZARA MARKOVIĆA 35, 069/051-970,amer.suk@hotmail.com
ŠUNDIĆ DRAŽEN,"BULEVAR DŽORDŽA VAŠINGTONA, ULAZ I 314, BR.12", 068/412-908,
ŠUŠIĆ BOJAN,UL. IVANA MILUTINOVIĆA BR.13," 247-771, 067/330-022",advokat.bojansusic@gmail.com
ŠUŠIĆ MITAR,UL. VUKA KARADŽIĆA BR.5," 069/070-003, 069/166-666",office@advokatpg.me
