﻿Company Name,Address,Tel No,Email
ANDROVIĆ OLGA,STARI GRAD 483," 323-304, 323-699, 069/085-033",
APRCOVIĆ ŽELJKO,ZLATNE NJIVE 2," 334-830, 067/646-850",lakiakiadvokat@t-com.me
BAROVIĆ BORIS,STARI GRAD BR.436," 322-220, 069/043-090",barovic@t-com.me
BEGOVIĆ VLADIMIR,"NOVO NASELJE A-8, S KALJARI"," 323-453, 323-721, 069/041-651",vbegovic@t-com.me
VUČETIĆ MIROSLAV,KAVAČ B.B., 068/555-466,miroslav.vucetic@t-com.me
VUKAŠINOVIĆ BORIS,STARI GRAD 435 - TRG OD ORUŽJA," 325-362, 067/531-689",borisvuk@t-com.me
VUKŠIĆ DEJAN,BENOVO 36," 067/317-482,",adv.vuksic@t-com.me
VULEKOVIĆ VLADIMIR,TABACINA 548," 301-322, 301-323, fax.325- 434,  069/030-633",adv.vulekovic@gmail.com
FRANETA MARINA,ZLATNE NJIVE BR.2," 520-982, 069/558-116",advmarinafraneta@gmail.com
GRGUREVIĆ BOŠKO,BENOVO BR. 584," 302-648, fax: 302-649; 069/019-379",boleg@t-com.me
GUBERINIĆ DRAGAN,"RISAN, NOVO NASELJE - ZGRADA 3/1"," 069/675-520, 063/230-230",dr.guberinic@gmail.com
DOBRIJEVIĆ - BRALIĆ  RADA,STARI GRAD 463," 323-880, 069/046-453",adv_rada@t-com.me
ĐURIČKOVIĆ VESNA,"POSLOVNI CENTAR ""VUK PETROL"", ŠKALJARI BR.1"," 068/429-070, 067/362-005",adv.vesnadjurickovic@gmail.com
ÐUROVIĆ BOJANA,S KALJARI 113, 069/059-914,kala@t-com.me
ŽIVKOVIC JADRANKA,DOBROTA BB, 069/469-289,
IJAČIĆ SLAVO,STARI GRAD 444," 322-270, 069/088-327",s.ijacic@t-com.me
IJAČIĆ DANIJEL,STARI GRAD 444," 322-270, 069/450-844",s.ijacic@t-com.me
ILIĆ SLAVICA,BENOVO BB, 069/412-325,dv.slavica.i@t-com.me
JOVIĆEVIĆ VESKO,ZLATNE NJIVE BR.33, 069/600-924,jovicevicvesko@gmail.com
KALUÐEROVIĆ U. VESELIN,LASTVA GRBALJSKA (BELGIJSKI KONZULAT)," 322-048, 069/047-585",vesko@houseinmontenegro.com
KAŠĆELAN MILENA,DOBROTA B.B., 067/323-313,milenakascelan.adv@gmail.com
KAŠĆELAN NOVICA,STARI GRAD 356," 322-641, 067/470-075",kascelan@t-com.me
KNEŽEVIĆ KRISTINA,TABAČINA 550, 069/459-060,kristinaknezevic503@gmail.com
KOVAČEVIĆ IRENA,BENOVO BB," 067/656-190,",advokat.irenakovacevic@t-com.me
KOMNENOVIĆ DEJAN,BENOVO BR.36, 068/597-008,dejankomnenovic@yahoo.com
KORDIĆ OLGA,PRČANJ 13," 336-165, 069/044-342",adv.kordic@t-com.me
KUJUNDŽIĆ BILJANA,UL. NJEGOS EVA 171," 068/503-456,",advbiljanap@gmail.com
LAZOVIĆ RADOJICA,ZLATNE NJIVE 2," 334-830, 067/641-193",lakiakiadvokat@t-com.me
LATKOVIĆ ALEKSANDRA,STARI GRAD 310," 326-693, 069/604-200",office@advlatkovic.me
MILIĆ ÐORÐIJE,TABAČINA 550," 335-002, 069/046-023",adv.milic@t-com.me
MILOVIĆ MITAR,DOBROTA - DAOS INE BB," 330-860, 069/344-303",adv.mitarm@t-com.me
MILUNOVIĆ JOVAN,STARI GRAD - TRG OD ORUŽJA, 67/643-122,jovan.milunovic@yahoo.com
MIKOVIĆ ALEKSANDRA,KAVAČ B.B, 069/689-678,advokat.amihajlovic@gmail.com
MUCK - RADIČEVIĆ RADMILA,DOBROTA 13, 069/525-328,adv.radmila.radicevic@t-com.me
OTAŠEVIĆ ALEKSANDAR,STARI GRAD 444/3," 322-453, 069/065-356",aleksandar@otasevic.me
PASKOVIĆ JOVANKA,DOBROTA - ZGRADE JUGOPETROLA BB, 067/385-207,paskovic@t-com.me
PERANOVIĆ VLADIMIR,STARI GRAD 356," 069/050-332,",advperanovic@gmail.com
PEROVANOVIĆ DRAGAN,"DOBROTA, DAOS INE BB"," 330-544, 069/046-288",kancelarija@advperovanovic.me
PERUNIČIĆ MLADEN,"KOTOR, ADRESA: BENOVO 36", 069/276-890,adv.perunicic@gmail.com
PETRIČEVIĆ IRENA,ZLATNE NJIVE BB," 322-453, 069/417-172",irta5@t-com.me
POPOVIĆ  RADOJKA,DOBROTA - SV. STASIJE BB," 333-503, 069/087-002",alhambra@t-com.me
POČANIĆ JOSIP,STARI GRAD BR.324, 069/524-977,advpocanic@gmail.com
POČANIĆ MIRJANA,STARI GRAD 324," 322-641, 069/691-076",pocanic@t-com.me
PRAŠČEVIĆ SANJA,STARI GRAD BR.490," 325-744, 067/211-808",sanja.prascevic@t-com.me
RADANOVIĆ ANA,NJEGOS EVA BR.169," 067/540-704, 069/265-615",ana_radanovic@yahoo.com
RADULOVIĆ DANIJELA,"DOBROTA, SVETOG MATIJE BB"," 304-280, 069/044-905",advdanijela.r@t-com.me
RADULOVIĆ NIKOLA,STARI GRAD 420," 069/145-945,",dzoni_0801@hotmail.com
RAŠKOVIĆ NIKOLA,BENOVO BB," 069/735-379,",adv.raskovic@gmail.com
REBRONJA DAMIR,TABAČINA 20," 334-798, 067/629-972",adv.rebronja@gmail.com
SAMARDŽIĆ ALEKSA,TABAČINA 563, 067/546-912,aleksasamardzic1979@gmail.com
SAMARDŽIĆ ZORAN,STARI GRAD BR.360, 069/046-024,zoransam@t-com.me
STANIŠIĆ SVETO,"DOBROTA, DAOS INE III PUT B.B.", 067/209-339,svetostanisic1960@gmail.com
ĆIRKOVIĆ T. DUŠKO,"ZLATNE NJIVE BB, L-4"," 334-358, 069/719-900",dusko.cirkovic@gmail.com
ĆIRKOVIĆ T. MIRELA,JADRANSKA BR.5," 334-924, 069/050-452",cirkovic@t-com.me
ĆOSO JOVANA,DOBROTA BR.16, 067/856-811,jovana.coso@t-com.me
ČUČKOVIĆ VESNA,TABAČINA BR.563, 067/371-555,cuckovicvesna@gmail.com
