﻿Company Name,Address,Tel No,Email
VUKOVIĆ ŽELJKO,UL. BAJA SEKULIĆA B, 067/250-261,zilevukovic@yahoo.com
ZUVIĆ SNEŽANA,UL. NJEGOS EVA 3," 813-403, 067/432-601,",zuvic13@gmail.com
KOLJENŠIĆ BOJANA,GLAVICA B.B., 067/640-797,bojana.koljensic@gmail.com
RAZIĆ SVETLANA,UL. NJEGOS EVA 3,"813-403, 069/277-863,",sekarazic13@gmail.com
RASPOPOVIĆ VESELIN,UL. SAVA BURIĆA BR.2," 811-976; 067/271-330,",adv.raspopovic@gmail.com
ĆIPOVIĆ OGNJEN,UL. NJEGOS EVA B.B.," 067/561-963,",cipovicognjen@gmail.com
