Broker names,broker filer code,addresses,phones
COLE INTERNATIONAL USA INC,CIU,"222 SOUTH 5TH STREET
PEMBINA, ND 58271
United States ",+1 701-825-6396          
BORDER BROKERS INTERNATIONAL USA INC,9X2,"152 WEST ROLETTE STREET
SUITE 2
PEMBINA, ND 58271
United States ",+1 701-825-6290          
GHY USA INC,DN2,"572 SOUTH FIFTH STREET
2
PEMBINA, ND 58271
United States ",+1 701-825-6474          
RADIX GROUP INTERNATIONAL INC DBA DHL GLOBAL FORWARDING,336,"833 WEST ROLETTE STREET
PO BOX 405
PEMBINA, ND 58271
United States ",+1 701-825-6495          
FEDEX TRADE NETWORKS TRANSPORT & BROKERAGE INC,799,"128 DEARBORN STREET
BUFFALO, NY 14207
United States ",+1 716-879-1075          
FEDEX TRADE NETWORKS TRANSPORT & BROKERAGE INC,799,"128 DEARBORN STREET
BUFFALO, NY 14207
United States ",+1 716-879-1075          
VANDEGRIFT FORWARDING COMPANY INC,316,"152 WEST ROLETTE STREET
SUITE 5
PEMBINA, ND 58271
United States ",+1 701-825-6565          
INTERNATIONAL TRADE SOLUTIONS INC,572,"1507 HIGHWAY 16N
RAYMOND, MT 59256
United States ",+1 701-738-2540          
UPS SUPPLY CHAIN SOLUTIONS INC,UPS,"231 NORTH 3RD STREET
PEMBINA, ND 58271
United States ",+1 701-825-6241          
