Broker names,broker filer code,addresses,phones
ENCISO & ASSOCIATES CUSTOMS BROKER,U84,"2318 MARTIN LUTHER KING JR AVENUE
CALEXICO, CA 92231
United States ",+1 760-357-3116          
BILL POLKINHORN INC,635,"2401 PORTICO BOULEVARD
CALEXICO, CA 92231
United States ",+1 760-357-1146          
ANA HERNANDEZ,AVA,"389 ROOD ROAD
SUITE 2
CALEXICO, CA 92231
United States ",+1 760-768-4960          
DANIEL ROMERO,ENK,"413 ROOD ROAD
SUITE 10
CALEXICO, CA 92231
United States ",+1 760-357-2006          
JO ALVAREZ INC,918,"1754 CARR ROAD
SUITE 206
CALEXICO, CA 92231
United States ",+1 760-357-1900          
JESUS OSCAR BENSON DBA SOUTHWEST BROKERAGE,DX7,"1754 CARR ROAD
SUITE 210
CALEXICO, CA 92231
United States ",+1 760-768-1208          
AF ROMERO,800,"1749 STERGIOS ROAD
CALEXICO, CA 92231
United States ",+1 760-357-1183          
CASAS INTERNATIONAL,853,"1777 STERGIOS ROAD
SUITE 1
CALEXICO, CA 92231
United States ",+1 760-357-5911          
BRITTON & COMPANY,K01,"1777 STERGIOS ROAD
SUITE 7
CALEXICO, CA 92231
United States ",+1 760-357-1153          
JOSE EDMUNDO RAMON ULLOA-ESQUER DBA SOUTHERN POINT BROKERAGE,BBS,"2421 PORTICO BOULEVARD
SUITE A
CALEXICO, CA 92231
United States ",+1 760-357-2815          
SAM SORRELL,B8K,"280 ROOD ROAD
SUITE 8 WAREHOUSE 2
CALEXICO, CA 92231
United States ",+1 760-276-2277          
PAULA BENSON,8EP,"1754 CARR ROAD
SUITE 210
CALEXICO, CA 92331
United States ",+1 760-768-1208          
NORMAN KRIEGER INC,175,"1767 CARR ROAD
SUITE 100
CALEXICO, CA 92231
United States ",+1 760-357-2523          
RADIX GROUP INTERNATIONAL INC DBA DHL GLOBAL FORWARDING,336,"413 ROOD ROAD
SUITE 3
CALEXICO, CA 92231
United States ",+1 760-357-2653          
VALENCIA INTERNATIONAL INC,K76,"1765 STERGIOS ROAD
SUITE 109
CALEXICO, CA 92231
United States ",+1 760-768-8450          
RENE ALBERTO ROMERO DBA AM-MEX INTERNATIONAL,748,"290 EAST COLE ROAD
SUITE A
CALEXICO, CA 92231
United States ",+1 760-357-6081          
RICHARD L JONES CALEXICO INC,218,"1778 ZINETTA ROAD
SUITE A
CALEXICO, CA 92231
United States ",+1 760-357-3177          
