Broker names,broker filer code,addresses,phones
ATLANTIC CUSTOMS BROKERS INC,851,"154 STATE STREET
PO BOX 189
NORTH HAVEN, CT 6473
United States ",+1 203-234-6510          
INTERNATIONAL TARIFF MANAGEMENT INC,BI0,"127 SCOTT ROAD
WATERBURY, CT 6705
United States ",+1 203-757-8777          
J F MORAN CO INC,002,"388 EAST MAIN STREET
SUITE 22L
BRANFORD, CT 6405
United States ",+1 203-647-9091          
CHARTER BROKERAGE LLC,BER,"383 MAIN AVENUE
NORWALK, CT 6851
United States ",+1 203-840-7500          
